measurement_ms,latitude,longitude,gps_error_meter,accel_x_transverse,accel_y_longitudinal,accel_z_vertical,speed
1426309409232,37.507197,139.931945,5,0.156,0.044,9.455,3.783
1426309409332,37.507196,139.931948,5,0.153,-0.041,9.463,3.722
1426309409433,37.507196,139.931951,5,0.16,-0.115,9.459,3.669
1426309409534,37.507195,139.931954,5,0.139,-0.136,9.566,3.616
1426309409634,37.507194,139.931957,5,0.117,-0.147,9.478,3.565
1426309409735,37.507193,139.93196,5,0.122,-0.156,9.429,3.514
1426309409831,37.507192,139.931963,5,0.137,-0.173,9.451,3.466
1426309409932,37.507191,139.931966,5,0.146,-0.153,9.431,3.416
1426309410032,37.50719,139.931969,5,0.084,-0.179,9.479,3.367
1426309410133,37.507189,139.931972,5,0.044,-0.181,9.459,3.319
1426309410234,37.507188,139.931975,5,0.063,-0.163,9.338,3.271
1426309410334,37.507187,139.931978,5,0.132,-0.128,9.381,3.236
1426309410435,37.507186,139.931981,5,0.164,-0.131,9.356,3.21
1426309410531,37.507185,139.931984,5,0.157,-0.162,9.473,3.185
1426309410631,37.507184,139.931988,5,0.084,-0.186,9.547,3.16
1426309410732,37.507183,139.931991,5,0.05,-0.162,9.492,3.135
1426309410833,37.507182,139.931994,5,0.028,-0.123,9.261,3.109
1426309410934,37.507181,139.931997,5,0.015,-0.149,9.294,3.084
1426309411034,37.50718,139.932,5,0.043,-0.236,9.416,3.06
1426309411135,37.507179,139.932004,5,0.095,-0.32,9.467,3.035
1426309411231,37.507178,139.932006,5,0.15,-0.331,9.467,3.012
1426309411331,37.507178,139.932009,5,0.193,-0.282,9.531,2.987
1426309411432,37.507177,139.932012,5,0.133,-0.166,9.499,2.961
1426309411533,37.507176,139.932014,5,0.055,-0.058,9.344,2.935
1426309411633,37.507175,139.932017,5,0.059,0.026,9.351,2.909
1426309411734,37.507175,139.932019,5,0.054,0.062,9.53,2.884
1426309411835,37.507174,139.932022,5,0.1,0.106,9.5,2.859
1426309411931,37.507173,139.932024,5,0.111,0.101,9.366,2.835
1426309412031,37.507173,139.932026,5,0.111,0.127,9.375,2.81
1426309412132,37.507172,139.932029,5,0.137,0.136,9.434,2.786
1426309412233,37.507171,139.932031,5,0.119,0.106,9.456,2.761
1426309412333,37.50717,139.932033,6,0.093,0.054,9.407,2.736
1426309412434,37.507168,139.932036,6,0.194,-0.194,9.294,2.71
1426309412535,37.507167,139.932038,6,0.293,-0.549,9.248,2.684
1426309412631,37.507165,139.93204,6,0.335,-0.93,9.357,2.66
1426309412731,37.507163,139.932042,6,0.314,-1.183,9.561,2.634
1426309412832,37.507161,139.932044,6,0.279,-1.268,9.762,2.609
1426309412933,37.50716,139.932047,6,0.209,-1.01,9.79,2.584
1426309413033,37.507158,139.932049,6,0.203,-0.729,9.477,2.56
1426309413134,37.507156,139.932051,6,0.207,-0.528,9.17,2.535
1426309413235,37.507155,139.932053,6,0.186,-0.433,9.126,2.511
1426309413335,37.507153,139.932055,7,0.15,-0.457,9.35,2.47
1426309413431,37.507152,139.932056,7,0.13,-0.494,9.543,2.417
1426309413532,37.507151,139.932057,7,0.159,-0.464,9.597,2.364
1426309413633,37.50715,139.932058,7,0.169,-0.428,9.414,2.311
1426309413733,37.507149,139.932059,7,0.197,-0.413,9.311,2.26
1426309413834,37.507148,139.93206,7,0.223,-0.402,9.42,2.209
1426309413935,37.507147,139.932061,7,0.222,-0.411,9.557,2.16
1426309414035,37.507145,139.932062,7,0.189,-0.435,9.543,2.112
1426309414131,37.507144,139.932063,7,0.149,-0.416,9.426,2.067
1426309414232,37.507143,139.932064,7,0.109,-0.309,9.439,2.021
1426309414333,37.507145,139.932063,7,0.088,-0.134,9.522,1.794
1426309414433,37.507148,139.932061,7,0.091,0.006,9.455,1.435
1426309414534,37.50715,139.93206,7,0.145,0.103,9.383,1.113
1426309414635,37.507152,139.932058,7,0.153,0.131,9.335,0.832
1426309414735,37.507154,139.932057,7,0.141,0.125,9.442,0.594
1426309414831,37.507156,139.932056,7,0.127,0.129,9.523,0.403
1426309414932,37.507157,139.932055,7,0.112,0.15,9.497,0.242
1426309415032,37.507158,139.932055,7,0.096,0.167,9.392,0.123
1426309415133,37.507159,139.932054,7,0.121,0.183,9.376,0.043
1426309527226,37.506727,139.933777,6,0.146,0.197,9.418,6.25
1426309527231,37.506726,139.933778,6,0.151,0.206,9.421,6.25
1426309527332,37.506724,139.933784,6,0.183,-0.138,9.428,6.223
1426309527433,37.506723,139.93379,6,0.231,-0.496,9.509,6.171
1426309527533,37.506722,139.933796,6,0.221,-0.653,9.517,6.12
1426309527634,37.506721,139.933802,6,0.222,-0.633,9.408,6.068
1426309527735,37.50672,139.933808,6,0.202,-0.717,9.41,6.017
1426309527835,37.506719,139.933814,6,0.228,-0.706,9.501,5.967
1426309527931,37.506718,139.93382,6,0.226,-0.728,9.5,5.92
1426309528032,37.506717,139.933826,6,0.209,-0.665,9.543,5.87
1426309528133,37.506716,139.933832,6,0.143,-0.663,9.462,5.821
1426309528233,37.506715,139.933837,6,0.129,-0.603,9.413,5.773
1426309528334,37.506715,139.933843,5,0.095,-0.653,9.459,5.639
1426309528435,37.506715,139.933848,5,0.123,-0.646,9.516,5.438
1426309528535,37.506715,139.933852,5,0.107,-0.719,9.475,5.244
1426309528631,37.506715,139.933857,5,0.097,-0.734,9.515,5.064
1426309528732,37.506715,139.933861,5,0.101,-0.702,9.505,4.881
1426309528832,37.506716,139.933866,5,0.119,-0.693,9.402,4.706
1426309528933,37.506716,139.93387,5,0.132,-0.723,9.414,4.536
1426309529034,37.506716,139.933874,5,0.177,-0.681,9.508,4.372
1426309529135,37.506716,139.933878,5,0.18,-0.695,9.477,4.215
1426309529235,37.506716,139.933881,5,0.172,-0.669,9.453,4.065
1426309529331,37.506716,139.933885,4,0.161,-0.695,9.503,3.958
1426309529437,37.506715,139.933889,4,0.171,-0.659,9.464,3.872
1426309529532,37.506715,139.933893,4,0.204,-0.626,9.414,3.796
1426309529631,37.506714,139.933896,4,0.256,-0.586,9.482,3.719
1426309529734,37.506714,139.9339,4,0.29,-0.587,9.52,3.64
1426309529833,37.506713,139.933904,4,0.274,-0.604,9.435,3.566
1426309529935,37.506713,139.933907,4,0.244,-0.652,9.453,3.491
1426309530031,37.506712,139.933911,4,0.213,-0.629,9.533,3.422
1426309530132,37.506712,139.933914,4,0.22,-0.597,9.551,3.351
1426309530232,37.506711,139.933917,4,0.213,-0.532,9.472,3.282
1426309530333,37.506711,139.93392,4,0.222,-0.51,9.494,3.199
1426309530434,37.50671,139.933923,4,0.232,-0.456,9.488,3.103
1426309530534,37.506709,139.933926,4,0.254,-0.384,9.457,3.01
1426309530635,37.506708,139.933928,4,0.259,-0.306,9.472,2.918
1426309530731,37.506708,139.933931,4,0.242,-0.239,9.474,2.833
1426309530831,37.506707,139.933933,4,0.202,-0.236,9.47,2.747
1426309530932,37.506706,139.933935,4,0.16,-0.206,9.422,2.662
1426309531033,37.506706,139.933938,4,0.134,-0.2,9.419,2.58
1426309531134,37.506705,139.93394,4,0.141,-0.167,9.413,2.499
1426309531234,37.506704,139.933942,4,0.169,-0.171,9.511,2.422
1426309531335,37.506704,139.933944,4,0.18,-0.171,9.528,2.347
1426309531431,37.506703,139.933946,4,0.147,-0.186,9.547,2.277
1426309531531,37.506703,139.933948,4,0.086,-0.204,9.487,2.206
1426309531632,37.506702,139.93395,4,0.093,-0.2,9.497,2.137
1426309531733,37.506702,139.933952,4,0.124,-0.184,9.49,2.071
1426309531833,37.506701,139.933954,4,0.214,-0.135,9.422,2.007
1426309531934,37.506701,139.933956,4,0.244,-0.185,9.428,1.945
1426309532035,37.5067,139.933957,4,0.238,-0.227,9.563,1.885
1426309532131,37.5067,139.933959,4,0.178,-0.239,9.536,1.831
1426309532231,37.506699,139.93396,4,0.135,-0.162,9.429,1.776
1426309532332,37.506699,139.933962,4,0.092,-0.071,9.421,1.736
1426309532433,37.506699,139.933963,4,0.096,0.031,9.393,1.709
1426309532533,37.506698,139.933964,4,0.123,0.073,9.355,1.683
1426309532634,37.506698,139.933965,4,0.154,0.091,9.446,1.657
1426309532735,37.506698,139.933967,4,0.143,0.073,9.566,1.631
1426309532831,37.506698,139.933968,4,0.121,0.071,9.609,1.607
1426309532931,37.506698,139.933969,4,0.089,0.09,9.494,1.583
1426309533032,37.506697,139.93397,4,0.124,0.142,9.346,1.558
1426309533133,37.506697,139.933971,4,0.166,0.127,9.36,1.534
1426309576226,37.505779,139.933928,5,0.208,0.098,9.46,1.784
1426309580229,37.505727,139.93393,4,0.21,0.093,9.469,1.5
1426309650226,37.502964,139.936217,8,0.211,0.091,9.476,5.75
1426309650231,37.502964,139.936217,8,0.211,0.084,9.478,5.75
1426309650332,37.50296,139.936218,9,0.157,-0.266,9.325,5.586
1426309650432,37.502957,139.936217,9,0.148,-0.505,9.089,5.28
1426309650533,37.502953,139.936217,9,0.138,-0.664,9.122,4.986
1426309650634,37.50295,139.936216,9,0.157,-0.828,9.516,4.706
1426309650734,37.502947,139.936215,9,0.185,-0.945,9.863,4.443
1426309650835,37.502945,139.936214,9,0.293,-0.932,9.746,4.191
1426309650931,37.502942,139.936213,9,0.342,-0.839,9.371,3.965
1426309651031,37.50294,139.936213,9,0.296,-0.803,9.186,3.743
1426309651132,37.502937,139.936212,9,0.258,-0.843,9.35,3.532
1426309651233,37.502935,139.936211,9,0.231,-0.793,9.613,3.336
1426309651334,37.502932,139.936212,9,0.152,-0.721,9.642,3.236
1426309651434,37.50293,139.936214,9,0.134,-0.505,9.631,3.21
1426309651535,37.502927,139.936215,9,0.119,-0.313,9.542,3.184
1426309651631,37.502924,139.936217,9,0.096,-0.111,9.407,3.16
1426309651732,37.502922,139.936219,9,0.0,-0.055,9.271,3.135
1426309651832,37.502919,139.936221,9,-0.089,0.014,9.292,3.11
1426309651933,37.502916,139.936222,9,-0.191,-0.003,9.46,3.084
1426309652034,37.502913,139.936224,9,-0.246,-0.055,9.647,3.06
1426309652134,37.502911,139.936226,9,-0.23,-0.081,9.711,3.035
1426309652235,37.502908,139.936227,9,-0.139,-0.086,9.599,3.011
1426309652331,37.502906,139.936228,9,-0.056,-0.024,9.339,2.972
1426309652431,37.502904,139.936228,9,-0.023,-0.032,9.158,2.919
1426309652532,37.502902,139.936228,9,0.007,-0.122,9.254,2.865
1426309652633,37.502901,139.936228,9,0.006,-0.241,9.529,2.813
1426309652733,37.502899,139.936228,9,-0.002,-0.32,9.735,2.762
1426309652834,37.502897,139.936228,9,-0.043,-0.374,9.75,2.712
1426309652935,37.502896,139.936228,9,-0.012,-0.349,9.452,2.662
1426309653031,37.502894,139.936228,9,0.029,-0.373,9.311,2.616
1426309653131,37.502892,139.936228,9,0.063,-0.418,9.384,2.569
1426309653232,37.502891,139.936228,9,0.059,-0.503,9.504,2.522
1426309653333,37.502889,139.936227,11,0.062,-0.575,9.564,2.429
1426309653433,37.502887,139.936226,11,0.072,-0.622,9.559,2.3
1426309653534,37.502886,139.936225,11,0.114,-0.626,9.454,2.173
1426309653635,37.502884,139.936224,11,0.18,-0.645,9.418,2.052
1426309653731,37.502882,139.936223,11,0.238,-0.668,9.464,1.941
1426309653831,37.502881,139.936222,11,0.245,-0.693,9.509,1.83
1426309653932,37.502879,139.936221,11,0.174,-0.757,9.504,1.722
1426309654033,37.502878,139.93622,11,0.11,-0.802,9.535,1.62
1426309654133,37.502877,139.93622,11,0.049,-0.795,9.497,1.523
1426309654234,37.502875,139.936219,11,0.066,-0.692,9.484,1.43
1426309654335,37.502874,139.936218,11,0.073,-0.598,9.524,1.342
1426309654435,37.502873,139.936217,11,0.037,-0.48,9.572,1.259
1426309654531,37.502872,139.936217,11,0.005,-0.373,9.534,1.185
1426309654632,37.502871,139.936216,11,0.009,-0.252,9.445,1.111
1426309654733,37.50287,139.936216,11,0.081,-0.161,9.449,1.041
1426309654833,37.502869,139.936215,11,0.175,-0.092,9.438,0.978
1426309654934,37.502868,139.936214,11,0.22,-0.088,9.455,0.918
1426309655035,37.502868,139.936214,11,0.164,-0.101,9.502,0.863
1426309655131,37.502867,139.936214,11,0.065,-0.127,9.535,0.815
1426309655231,37.502866,139.936213,11,-0.043,-0.118,9.478,0.77
1426309655332,37.502866,139.936218,11,-0.069,-0.037,9.504,0.674
1426309655432,37.502867,139.936226,11,-0.027,0.077,9.491,0.539
1426309655533,37.502867,139.936233,11,0.088,0.132,9.465,0.419
1426309655634,37.502867,139.93624,11,0.158,0.166,9.421,0.313
1426309655735,37.502867,139.936245,11,0.152,0.15,9.477,0.223
1426309655835,37.502868,139.93625,11,0.079,0.152,9.539,0.149
1426309655931,37.502868,139.936253,11,0.004,0.153,9.575,0.091
1426309656032,37.502868,139.936256,11,-0.043,0.181,9.52,0.046
1426309656132,37.502868,139.936258,11,-0.027,0.199,9.474,0.016
1426309726230,37.502653,139.937675,10,0.034,0.239,9.456,2.512
1426309726235,37.502653,139.937676,10,0.047,0.247,9.453,2.511
1426309726331,37.50265,139.937677,10,0.711,0.17,9.45,2.5
1426309726432,37.502648,139.937678,10,1.081,0.139,9.639,2.5
1426309726532,37.502645,139.937679,10,1.261,-0.004,9.874,2.5
1426309726633,37.502643,139.93768,10,1.416,-0.035,9.916,2.5
1426309726734,37.502641,139.937681,10,1.409,-0.049,9.76,2.5
1426309726834,37.502639,139.937682,10,1.098,-0.144,9.411,2.5
1426309726935,37.502637,139.937683,10,0.637,-0.174,9.247,2.5
1426309727031,37.502634,139.937684,10,0.209,-0.131,9.202,2.5
1426309727132,37.502632,139.937685,10,-0.069,0.02,9.222,2.5
1426309769228,37.499896,139.936459,6,-0.012,0.074,9.239,6.537
1426309769233,37.499895,139.936459,6,-0.002,0.081,9.24,6.533
1426309769333,37.499891,139.936456,6,0.016,-0.157,9.276,6.427
1426309769434,37.499887,139.936451,6,-0.056,-0.231,9.039,6.29
1426309769535,37.499883,139.936447,6,-0.152,-0.25,8.986,6.156
1426309769635,37.499879,139.936442,6,-0.233,-0.291,9.234,6.026
1426309769731,37.499875,139.936438,6,-0.245,-0.388,9.706,5.903
1426309769832,37.499872,139.936433,6,-0.146,-0.506,9.506,5.777
1426309769932,37.499868,139.936429,6,-0.015,-0.62,8.735,5.655
1426309770033,37.499864,139.936424,6,0.045,-0.883,9.12,5.534
1426309770134,37.499861,139.93642,6,0.096,-1.09,9.786,5.416
1426309770235,37.499857,139.936416,6,0.123,-1.189,10.009,5.301
1426309770335,37.499853,139.936413,6,0.058,-1.229,9.745,5.19
1426309770431,37.499848,139.93641,6,0.016,-1.225,9.45,5.086
1426309770532,37.499843,139.936408,6,-0.018,-1.165,9.082,4.978
1426309770632,37.499838,139.936406,6,-0.007,-1.119,9.179,4.874
1426309770733,37.499833,139.936403,6,0.069,-1.085,9.478,4.771
1426309770834,37.499829,139.936401,6,0.217,-1.04,9.661,4.67
1426309770935,37.499824,139.936399,6,0.327,-1.033,9.451,4.571
1426309771035,37.49982,139.936397,6,0.427,-1.089,9.257,4.476
1426309771136,37.499815,139.936395,6,0.423,-1.076,8.791,4.381
1426309771232,37.499811,139.936393,6,0.351,-1.216,9.304,4.293
1426309771331,37.499807,139.93639,6,0.227,-1.441,9.926,4.139
1426309771433,37.499803,139.936387,6,0.168,-1.566,9.764,3.923
1426309771532,37.499799,139.936384,6,0.161,-1.6,9.453,3.723
1426309771634,37.499795,139.936382,6,0.293,-1.594,9.321,3.527
1426309771733,37.499792,139.936379,6,0.509,-1.519,9.448,3.345
1426309771831,37.499789,139.936377,6,0.589,-1.288,9.568,3.174
1426309771931,37.499786,139.936374,6,0.493,-1.033,9.633,3.008
1426309772032,37.499783,139.936372,6,0.279,-0.809,9.505,2.849
1426309772133,37.49978,139.93637,6,0.079,-0.486,9.465,2.7
1426309772234,37.499777,139.936368,6,-0.132,-0.316,9.458,2.561
1426309772334,37.499775,139.936367,5,-0.273,-0.104,9.328,2.486
1426309772435,37.499773,139.936367,5,-0.413,-0.01,9.392,2.46
1426309772531,37.499772,139.936367,5,-0.506,-0.018,9.579,2.435
1426309772631,37.49977,139.936367,5,-0.564,0.049,9.396,2.409
1426309772732,37.499769,139.936367,5,-0.499,0.085,8.976,2.384
1426309772833,37.499767,139.936368,5,-0.372,0.058,9.006,2.358
1426309772934,37.499765,139.936368,5,-0.175,0.037,9.415,2.334
1426309773034,37.499764,139.936368,5,0.04,0.036,9.75,2.309
1426309773135,37.499762,139.936368,5,0.252,0.077,9.665,2.285
1426309773231,37.499761,139.936368,5,0.391,0.16,9.482,2.262
1426309773331,37.499759,139.936368,4,0.351,0.176,9.401,2.25
1426309773432,37.499757,139.936367,4,0.211,0.18,9.431,2.25
1426309773533,37.499755,139.936367,4,0.012,0.148,9.491,2.25
1426309773633,37.499753,139.936367,4,-0.156,0.111,9.612,2.25
1426309773734,37.499751,139.936366,4,-0.217,0.112,9.594,2.25
1426309773835,37.499749,139.936366,4,-0.229,0.11,9.406,2.25
1426309773931,37.499748,139.936365,4,-0.172,0.146,9.315,2.25
1426309774031,37.499746,139.936365,4,-0.129,0.118,9.376,2.25
1426309774132,37.499744,139.936365,4,-0.078,0.112,9.549,2.25
1426309784228,37.499544,139.936289,11,-0.052,0.112,9.583,2.471
1426309784233,37.499544,139.936289,11,-0.044,0.122,9.588,2.474
1426309784334,37.499543,139.936287,11,-0.013,-0.037,9.567,2.47
1426309784434,37.499542,139.936286,11,-0.037,-0.192,9.524,2.416
1426309784535,37.499542,139.936285,11,-0.054,-0.257,9.551,2.362
1426309784631,37.499541,139.936284,11,-0.096,-0.264,9.537,2.312
1426309784731,37.499541,139.936283,11,-0.117,-0.205,9.501,2.261
1426309784832,37.499541,139.936282,11,-0.133,-0.176,9.41,2.21
1426309784933,37.49954,139.936281,11,-0.074,-0.154,9.36,2.161
1426309785034,37.49954,139.93628,11,0.022,-0.135,9.354,2.113
1426309785134,37.49954,139.936279,11,0.112,-0.128,9.418,2.066
1426309785235,37.499539,139.936278,11,0.114,-0.12,9.423,2.02
1426309785331,37.49954,139.936277,8,0.044,-0.114,9.425,1.801
1426309785436,37.499541,139.936275,8,-0.107,-0.078,9.439,1.425
1426309785532,37.499542,139.936274,8,-0.199,-0.035,9.447,1.119
1426309785631,37.499543,139.936272,8,-0.227,0.017,9.395,0.842
1426309785734,37.499544,139.936271,8,-0.138,0.057,9.387,0.596
1426309785833,37.499545,139.93627,8,-0.028,0.058,9.416,0.4
1426309785935,37.499545,139.936269,8,0.046,0.072,9.472,0.238
1426309786031,37.499546,139.936269,8,0.029,0.078,9.502,0.124
1426309786131,37.499546,139.936268,8,-0.022,0.108,9.505,0.044
1426309835226,37.499418,139.936143,4,-0.098,0.112,9.46,2.5
1426309835231,37.499418,139.936143,4,-0.098,0.118,9.457,2.5
1426309835332,37.499418,139.93614,4,0.074,-0.042,9.586,2.5
1426309835433,37.499418,139.936137,4,0.132,-0.174,9.66,2.5
1426309835534,37.499419,139.936134,4,0.142,-0.244,9.534,2.5
1426309835634,37.499419,139.936131,4,0.095,-0.248,9.435,2.5
1426309835735,37.499419,139.936128,4,0.003,-0.273,9.4,2.5
1426309835831,37.499419,139.936125,4,-0.07,-0.252,9.457,2.5
1426309835931,37.499419,139.936122,4,-0.119,-0.277,9.47,2.5
1426309836032,37.49942,139.936119,4,-0.113,-0.248,9.446,2.5
1426309836133,37.49942,139.936116,4,-0.095,-0.228,9.459,2.5
1426309836234,37.49942,139.936113,4,-0.054,-0.217,9.553,2.5
1426309836334,37.499421,139.93611,4,-0.022,-0.268,9.581,2.5
1426309836435,37.499422,139.936107,4,0.011,-0.212,9.359,2.5
1426309836531,37.499423,139.936104,4,0.022,-0.166,9.277,2.5
1426309836631,37.499424,139.9361,4,0.048,-0.171,9.537,2.5
1426309836732,37.499425,139.936097,4,0.077,-0.203,9.607,2.5
1426309836833,37.499426,139.936094,4,0.052,-0.19,9.404,2.5
1426309836933,37.499427,139.93609,4,0.013,-0.173,9.35,2.5
1426309837034,37.499428,139.936087,4,0.061,-0.161,9.55,2.5
1426309837135,37.499429,139.936084,4,0.127,-0.17,9.577,2.5
1426309837236,37.49943,139.93608,4,0.143,-0.167,9.475,2.5
1426309837331,37.499431,139.936078,4,0.089,-0.124,9.423,2.5
1426309837432,37.499432,139.936075,4,0.016,-0.109,9.543,2.5
1426309837533,37.499433,139.936072,4,-0.017,-0.116,9.484,2.5
1426309837633,37.499434,139.936069,4,-0.038,-0.089,9.339,2.5
1426309837734,37.499435,139.936066,4,-0.058,-0.068,9.326,2.5
1426309837835,37.499436,139.936063,4,-0.079,-0.058,9.409,2.5
1426309837935,37.499437,139.936061,4,-0.035,-0.036,9.406,2.5
1426309838031,37.499438,139.936058,4,0.053,-0.088,9.445,2.5
1426309838132,37.499439,139.936055,4,0.124,-0.093,9.477,2.5
1426309838233,37.49944,139.936052,4,0.167,-0.027,9.399,2.5
1426309838333,37.499441,139.936049,4,0.181,0.009,9.399,2.5
1426309838434,37.499442,139.936047,4,0.178,-0.041,9.517,2.5
1426309838535,37.499443,139.936044,4,0.122,-0.071,9.434,2.5
1426309838635,37.499444,139.936041,4,0.01,-0.075,9.348,2.5
1426309838731,37.499445,139.936038,4,-0.039,-0.025,9.421,2.5
1426309838832,37.499446,139.936035,4,-0.004,-0.029,9.44,2.5
1426309838933,37.499447,139.936032,4,0.07,-0.087,9.429,2.5
1426309839033,37.499448,139.936029,4,0.159,-0.098,9.514,2.5
1426309839134,37.499449,139.936026,4,0.215,-0.035,9.479,2.5
1426309883229,37.499981,139.93391,3,0.213,0.022,9.383,7.763
1426309883234,37.499981,139.93391,3,0.211,0.021,9.385,7.761
1426309883335,37.499983,139.933901,4,0.138,-0.439,9.519,7.676
1426309883435,37.499984,139.933893,4,0.09,-0.726,9.451,7.542
1426309883531,37.499985,139.933886,4,0.066,-0.879,9.526,7.416
1426309883632,37.499986,139.933878,4,0.051,-0.903,9.39,7.285
1426309883733,37.499987,139.93387,4,0.066,-0.939,9.543,7.157
1426309883833,37.499988,139.933862,4,0.092,-0.985,9.554,7.032
1426309883934,37.499989,139.933855,4,0.124,-0.942,9.557,6.908
1426309884035,37.49999,139.933847,4,0.162,-0.999,9.439,6.786
1426309884135,37.499992,139.93384,4,0.19,-1.179,9.369,6.668
1426309884231,37.499993,139.933833,4,0.247,-1.337,9.313,6.556
1426309884332,37.499994,139.933827,4,0.286,-1.433,9.434,6.428
1426309884432,37.499995,139.933822,4,0.214,-1.569,9.59,6.293
1426309884533,37.499997,139.933816,4,0.204,-1.62,9.632,6.159
1426309884634,37.499998,139.933811,4,0.169,-1.64,9.486,6.027
1426309884735,37.499999,139.933805,4,0.159,-1.635,9.316,5.898
1426309884835,37.500001,139.9338,4,0.175,-1.654,9.291,5.773
1426309884936,37.500002,139.933795,4,0.178,-1.664,9.351,5.65
1426309885032,37.500003,139.933791,4,0.211,-1.682,9.478,5.535
1426309885131,37.500004,139.933786,4,0.277,-1.674,9.446,5.419
1426309885233,37.500005,139.933781,4,0.325,-1.618,9.317,5.303
1426309885332,37.500006,139.933777,4,0.335,-1.568,9.225,5.177
1426309885434,37.500007,139.933773,4,0.344,-1.551,9.392,5.035
1426309885533,37.500008,139.933769,4,0.312,-1.498,9.523,4.902
1426309885631,37.500009,139.933765,4,0.33,-1.463,9.421,4.773
1426309885732,37.500009,139.933761,4,0.305,-1.501,9.825,4.643
1426309885832,37.50001,139.933757,4,0.296,-1.446,9.646,4.518
1426309885934,37.500011,139.933754,4,0.265,-1.283,9.35,4.394
1426309886034,37.500011,139.93375,4,0.219,-1.121,9.222,4.276
1426309886134,37.500012,139.933747,4,0.202,-1.035,9.227,4.161
1426309886235,37.500013,139.933743,4,0.205,-1.013,9.475,4.049
1426309886331,37.500013,139.93374,4,0.257,-1.011,9.773,3.942
1426309886431,37.500014,139.933737,4,0.253,-0.952,9.63,3.831
1426309886532,37.500015,139.933734,4,0.224,-0.892,9.305,3.721
1426309886633,37.500016,139.93373,4,0.165,-0.844,9.167,3.614
1426309886734,37.500017,139.933727,4,0.12,-0.845,9.337,3.511
1426309886834,37.500018,139.933724,4,0.106,-0.865,9.639,3.411
1426309886935,37.500019,139.933721,4,0.135,-0.763,9.488,3.313
1426309887031,37.500019,139.933719,4,0.152,-0.722,9.191,3.222
1426309887131,37.50002,139.933716,4,0.101,-0.702,9.315,3.131
1426309887232,37.500021,139.933713,4,0.079,-0.68,9.532,3.041
1426309887333,37.500021,139.93371,4,-0.025,-0.706,9.624,2.955
1426309887434,37.500021,139.933707,4,-0.225,-0.629,9.296,2.871
1426309887534,37.500022,139.933704,4,-0.327,-0.568,9.254,2.789
1426309887635,37.500022,139.933701,4,-0.389,-0.531,9.518,2.709
1426309887731,37.500022,139.933698,4,-0.476,-0.509,9.562,2.635
1426309887831,37.500022,139.933695,4,-0.609,-0.495,9.421,2.56
1426309887932,37.500022,139.933692,4,-0.604,-0.446,9.303,2.487
1426309888033,37.500023,139.933689,4,-0.663,-0.435,9.345,2.415
1426309888133,37.500023,139.933687,4,-0.745,-0.469,9.356,2.347
1426309888234,37.500023,139.933684,4,-0.726,-0.48,9.448,2.28
1426309888335,37.500023,139.933682,4,-0.636,-0.534,9.544,2.201
1426309888431,37.500023,139.933681,4,-0.554,-0.572,9.601,2.118
1426309888531,37.500023,139.93368,4,-0.538,-0.603,9.502,2.034
1426309888632,37.500023,139.933679,4,-0.523,-0.603,9.362,1.952
1426309888733,37.500023,139.933678,4,-0.473,-0.661,9.464,1.873
1426309888833,37.500024,139.933677,4,-0.445,-0.729,9.587,1.798
1426309888935,37.500024,139.933676,4,-0.371,-0.728,9.576,1.725
1426309889035,37.500024,139.933675,4,-0.367,-0.73,9.46,1.656
1426309889135,37.500024,139.933674,4,-0.385,-0.683,9.39,1.59
1426309889231,37.500024,139.933673,4,-0.304,-0.635,9.4,1.53
1426309889332,37.500024,139.933672,4,-0.155,-0.576,9.468,1.512
1426309889433,37.500023,139.93367,4,-0.148,-0.535,9.329,1.536
1426309889533,37.500022,139.933668,4,-0.292,-0.619,9.31,1.56
1426309889634,37.500021,139.933666,4,-0.486,-0.721,9.427,1.584
1426309889735,37.500021,139.933664,4,-0.631,-0.791,9.422,1.609
1426309889835,37.50002,139.933662,4,-0.586,-0.876,9.528,1.634
1426309889931,37.500019,139.93366,4,-0.404,-0.934,9.88,1.658
1426309890032,37.500018,139.933658,4,-0.3,-0.915,9.853,1.684
1426309890132,37.500017,139.933656,4,-0.312,-0.784,9.297,1.711
1426309890233,37.500016,139.933654,4,-0.387,-0.565,8.706,1.737
1426309890334,37.500015,139.933653,4,-0.34,-0.494,8.9,1.75
1426309890435,37.500013,139.933653,4,-0.417,-0.537,9.558,1.75
1426309890535,37.500012,139.933653,4,-0.582,-0.581,9.784,1.75
1426309890631,37.50001,139.933653,4,-0.708,-0.538,9.453,1.75
1426309890732,37.500008,139.933653,4,-0.551,-0.5,9.479,1.75
1426309890832,37.500007,139.933653,4,-0.488,-0.576,9.688,1.75
1426309890933,37.500005,139.933653,4,-0.54,-0.628,10.053,1.75
1426309891034,37.500003,139.933653,4,-0.602,-0.505,9.573,1.75
1426309891135,37.500001,139.933653,4,-0.422,-0.237,8.87,1.75
1426309891235,37.5,139.933653,4,-0.079,-0.195,8.999,1.75
1426309891331,37.499998,139.933653,4,-0.15,-0.314,9.403,1.75
1426309891432,37.499996,139.933653,4,-0.28,-0.374,9.419,1.75
1426309891532,37.499995,139.933652,4,-0.218,-0.398,9.432,1.75
1426309891633,37.499993,139.933652,4,-0.018,-0.331,9.576,1.75
1426309891734,37.499991,139.933652,4,0.262,-0.137,9.51,1.75
1426309891834,37.49999,139.933651,4,0.379,0.041,9.29,1.75
1426309891936,37.499988,139.933651,4,0.34,0.078,9.216,1.75
1426309892031,37.499986,139.933651,4,0.233,0.025,9.464,1.75
1426309892131,37.499985,139.93365,4,0.102,0.047,9.553,1.75
1426309892232,37.499983,139.93365,4,-0.024,0.107,9.423,1.75
1426309892333,37.499981,139.93365,4,-0.202,0.146,9.333,1.75
1426309892434,37.499979,139.933649,4,-0.38,0.144,9.221,1.75
1426309892534,37.499976,139.933649,4,-0.513,0.02,9.296,1.75
1426309892635,37.499974,139.933649,4,-0.527,-0.073,9.393,1.75
1426309892731,37.499972,139.933648,4,-0.423,-0.047,9.324,1.75
1426309892831,37.49997,139.933648,4,-0.362,-0.069,9.286,1.75
1426309892932,37.499968,139.933647,4,-0.254,-0.126,9.473,1.75
1426309893033,37.499965,139.933647,4,0.074,0.024,9.697,1.75
1426309893134,37.499963,139.933647,4,0.528,0.187,9.589,1.75
1426309909227,37.499548,139.933492,3,0.791,0.303,9.453,2.513
1426309909232,37.499548,139.933492,3,0.8,0.299,9.449,2.511
1426309909332,37.499546,139.933492,4,0.591,-0.059,9.42,2.5
1426309909433,37.499544,139.933491,4,0.417,-0.325,9.447,2.5
1426309909534,37.499542,139.933491,4,0.335,-0.468,9.414,2.5
1426309909635,37.49954,139.93349,4,0.304,-0.562,9.471,2.5
1426309909735,37.499538,139.93349,4,0.216,-0.621,9.514,2.5
1426309909831,37.499537,139.933489,4,0.146,-0.661,9.453,2.5
1426309909932,37.499535,139.933489,4,0.136,-0.678,9.392,2.5
1426309910032,37.499533,139.933488,4,0.177,-0.679,9.446,2.5
1426309910133,37.499531,139.933488,4,0.21,-0.663,9.449,2.5
1426309910234,37.499529,139.933487,4,0.231,-0.629,9.423,2.5
1426309910335,37.499528,139.933487,4,0.193,-0.575,9.48,2.384
1426309910435,37.499527,139.933487,4,0.134,-0.511,9.482,2.183
1426309910531,37.499526,139.933487,4,0.09,-0.429,9.401,2.003
1426309910632,37.499525,139.933487,4,0.084,-0.336,9.422,1.825
1426309910732,37.499525,139.933487,4,0.087,-0.26,9.453,1.663
1426309910833,37.499524,139.933487,4,0.137,-0.217,9.424,1.512
1426309910934,37.499523,139.933487,4,0.167,-0.202,9.419,1.374
1426309911035,37.499523,139.933487,4,0.166,-0.202,9.436,1.249
1426309911135,37.499523,139.933487,4,0.148,-0.191,9.439,1.138
1426309911231,37.499522,139.933487,4,0.124,-0.184,9.441,1.044
1426309911332,37.499522,139.933487,4,0.092,-0.177,9.459,0.939
1426309911432,37.499521,139.933487,4,0.098,-0.167,9.437,0.828
1426309911533,37.499521,139.933487,4,0.123,-0.161,9.412,0.725
1426309911634,37.499521,139.933487,4,0.136,-0.177,9.425,0.632
1426309911734,37.49952,139.933487,4,0.132,-0.184,9.458,0.548
1426309911835,37.49952,139.933487,4,0.137,-0.178,9.475,0.473
1426309911931,37.49952,139.933487,4,0.122,-0.178,9.439,0.41
1426309912031,37.499519,139.933487,4,0.111,-0.129,9.451,0.353
1426309912132,37.499519,139.933487,4,0.102,-0.032,9.508,0.304
1426309912233,37.499519,139.933487,4,0.1,0.05,9.467,0.265
1426309912334,37.499519,139.933487,3,0.093,0.1,9.363,0.224
1426309912434,37.499519,139.933487,3,0.093,0.126,9.344,0.179
1426309912535,37.499519,139.933487,3,0.094,0.121,9.424,0.139
1426309912631,37.49952,139.933488,3,0.105,0.119,9.476,0.105
1426309912731,37.49952,139.933488,3,0.109,0.127,9.453,0.075
1426309912832,37.49952,139.933488,3,0.1,0.141,9.413,0.05
1426309912933,37.49952,139.933488,3,0.093,0.137,9.412,0.03
1426309913034,37.49952,139.933488,3,0.099,0.135,9.454,0.015
1426309913134,37.49952,139.933488,3,0.081,0.127,9.482,0.005
1426309969229,37.497361,139.932561,6,0.078,0.128,9.454,7.5
1426310004230,37.495396,139.93146,3,0.078,0.121,9.455,6.307
1426310004235,37.495396,139.93146,3,0.078,0.109,9.457,6.301
1426310004335,37.495391,139.931458,4,0.08,-0.166,9.33,6.25
1426310004431,37.495386,139.931456,4,0.061,-0.326,9.327,6.25
1426310004532,37.49538,139.931454,4,0.038,-0.469,9.405,6.25
1426310004632,37.495374,139.931452,4,0.055,-0.551,9.474,6.25
1426310004733,37.495369,139.93145,4,0.081,-0.628,9.39,6.25
1426310004834,37.495363,139.931448,4,0.09,-0.631,9.427,6.25
1426310004935,37.495357,139.931446,4,0.092,-0.698,9.531,6.25
1426310005035,37.495352,139.931444,4,0.083,-0.71,9.32,6.25
1426310005131,37.495346,139.931442,4,0.069,-0.78,9.199,6.25
1426310005232,37.495341,139.93144,4,0.07,-0.818,9.368,6.25
1426310005332,37.495336,139.931439,4,0.062,-0.895,9.582,6.145
1426310005433,37.495331,139.931439,4,0.09,-0.869,9.328,5.945
1426310005534,37.495327,139.931439,4,0.132,-0.879,9.307,5.752
1426310005634,37.495323,139.931439,4,0.147,-0.993,9.541,5.565
1426310005735,37.495319,139.931439,4,0.149,-1.027,9.769,5.383
1426310005831,37.495316,139.931438,4,0.185,-0.988,9.661,5.215
1426310005932,37.495312,139.931438,4,0.197,-0.953,9.378,5.044
1426310006032,37.495308,139.931438,4,0.184,-0.897,9.095,4.881
1426310006133,37.495305,139.931438,4,0.248,-0.914,9.137,4.722
1426310006234,37.495301,139.931438,4,0.306,-0.951,9.529,4.568
1426310006334,37.495298,139.931437,6,0.33,-0.932,9.536,4.384
1426310006435,37.495294,139.931436,6,0.316,-0.912,9.291,4.173
1426310006531,37.49529,139.931434,6,0.289,-0.917,9.154,3.981
1426310006631,37.495287,139.931433,6,0.387,-0.979,9.494,3.79
1426310006732,37.495283,139.931432,6,0.455,-1.014,9.626,3.604
1426310006833,37.49528,139.931431,6,0.441,-1.0,9.477,3.428
1426310006934,37.495277,139.93143,6,0.395,-0.983,9.334,3.26
1426310007034,37.495274,139.931428,6,0.319,-1.016,9.434,3.102
1426310007135,37.495271,139.931427,6,0.249,-1.053,9.538,2.951
1426310007231,37.495268,139.931426,6,0.27,-1.013,9.488,2.816
1426310007331,37.495266,139.931426,6,0.355,-0.96,9.336,2.737
1426310007432,37.495263,139.931425,6,0.44,-0.897,9.275,2.71
1426310007533,37.49526,139.931425,6,0.525,-0.909,9.439,2.685
1426310007634,37.495257,139.931424,6,0.578,-0.885,9.578,2.659
1426310007734,37.495254,139.931424,6,0.537,-0.846,9.431,2.634
1426310007835,37.495251,139.931423,6,0.473,-0.855,9.491,2.608
1426310007931,37.495248,139.931423,6,0.409,-0.837,9.596,2.585
1426310008031,37.495246,139.931422,6,0.319,-0.756,9.379,2.56
1426310008132,37.495243,139.931422,6,0.247,-0.712,9.148,2.535
1426310008233,37.49524,139.931421,6,0.257,-0.685,9.291,2.511
1426310008333,37.495239,139.931421,6,0.316,-0.72,9.561,2.454
1426310008434,37.495238,139.93142,6,0.335,-0.707,9.536,2.367
1426310008535,37.495237,139.93142,6,0.289,-0.696,9.27,2.284
1426310008631,37.495236,139.931419,6,0.293,-0.69,9.257,2.207
1426310008731,37.495236,139.931419,6,0.375,-0.749,9.598,2.129
1426310008832,37.495235,139.931418,6,0.449,-0.757,9.716,2.053
1426310008933,37.495234,139.931418,6,0.464,-0.667,9.446,1.98
1426310009033,37.495233,139.931417,6,0.374,-0.639,9.293,1.911
1426310009134,37.495233,139.931417,6,0.282,-0.644,9.319,1.843
1426310009235,37.495232,139.931416,6,0.245,-0.597,9.426,1.778
1426310009335,37.495231,139.931416,6,0.237,-0.507,9.538,1.735
1426310009431,37.49523,139.931416,6,0.242,-0.387,9.496,1.71
1426310009532,37.495229,139.931417,6,0.238,-0.303,9.3,1.683
1426310009633,37.495227,139.931417,6,0.229,-0.259,9.21,1.657
1426310009733,37.495226,139.931417,6,0.261,-0.255,9.413,1.632
1426310009834,37.495225,139.931418,6,0.303,-0.226,9.573,1.607
1426310009935,37.495223,139.931418,6,0.324,-0.194,9.474,1.582
1426310010035,37.495222,139.931418,6,0.294,-0.173,9.367,1.558
1426310010131,37.495221,139.931419,6,0.234,-0.17,9.294,1.535
1426310010232,37.49522,139.931419,6,0.167,-0.192,9.304,1.511
1426310010333,37.495218,139.931419,6,0.151,-0.234,9.465,1.468
1426310010433,37.495216,139.931419,6,0.213,-0.282,9.577,1.411
1426310010534,37.495215,139.93142,6,0.296,-0.276,9.517,1.354
1426310010635,37.495213,139.93142,6,0.351,-0.242,9.369,1.3
1426310010735,37.495212,139.93142,6,0.349,-0.208,9.327,1.248
1426310010831,37.495211,139.93142,6,0.312,-0.209,9.374,1.2
1426310010932,37.495209,139.93142,6,0.237,-0.203,9.451,1.151
1426310011032,37.495208,139.931421,6,0.159,-0.189,9.42,1.105
1426310011133,37.495207,139.931421,6,0.146,-0.181,9.382,1.061
1426310011234,37.495206,139.931421,6,0.18,-0.176,9.379,1.019
1426310011335,37.495205,139.931421,6,0.269,-0.172,9.435,0.984
1426310011435,37.495204,139.93142,6,0.347,-0.161,9.463,0.957
1426310011531,37.495203,139.931419,6,0.381,-0.142,9.448,0.931
1426310011632,37.495202,139.931419,6,0.369,-0.118,9.404,0.904
1426310011732,37.495202,139.931418,6,0.313,-0.124,9.366,0.878
1426310011833,37.495201,139.931417,6,0.261,-0.135,9.383,0.853
1426310011934,37.4952,139.931417,6,0.233,-0.123,9.441,0.828
1426310012034,37.4952,139.931416,6,0.217,-0.082,9.451,0.805
1426310012135,37.495199,139.931416,6,0.217,0.008,9.441,0.782
1426310012231,37.495198,139.931415,6,0.23,0.089,9.405,0.761
1426310060228,37.492539,139.930836,5,0.23,0.09,9.4,8.275
1426310087228,37.490567,139.930457,6,0.228,0.088,9.396,7.5
1426310087233,37.490566,139.930457,6,0.225,0.081,9.392,7.5
1426310087334,37.490561,139.930455,9,0.253,-0.394,9.378,7.41
1426310087435,37.490558,139.930453,9,0.309,-0.744,9.395,7.246
1426310087535,37.490556,139.930452,9,0.354,-0.909,9.419,7.086
1426310087631,37.490553,139.93045,9,0.309,-1.005,9.327,6.936
1426310087732,37.49055,139.930449,9,0.369,-1.057,9.414,6.781
1426310087832,37.490547,139.930447,9,0.4,-1.103,9.657,6.631
1426310087933,37.490545,139.930446,9,0.445,-1.179,9.835,6.483
1426310088034,37.490542,139.930444,9,0.425,-1.119,9.223,6.338
1426310088134,37.49054,139.930443,9,0.38,-1.135,9.177,6.198
1426310088235,37.490537,139.930442,9,0.419,-1.115,9.273,6.06
1426310088331,37.490534,139.930438,10,0.453,-1.133,9.376,5.896
1426310088432,37.490531,139.930432,10,0.443,-1.143,9.519,5.695
1426310088532,37.490528,139.930426,10,0.432,-1.22,9.634,5.503
1426310088633,37.490525,139.93042,10,0.426,-1.186,9.167,5.314
1426310088734,37.490522,139.930415,10,0.437,-1.235,9.211,5.131
1426310088834,37.490519,139.930409,10,0.675,-1.276,9.664,4.957
1426310088935,37.490516,139.930404,10,0.648,-1.315,9.732,4.786
1426310089031,37.490513,139.930399,10,0.59,-1.304,9.428,4.63
1426310089131,37.490511,139.930395,10,0.493,-1.366,9.473,4.473
1426310089232,37.490508,139.93039,10,0.445,-1.373,9.446,4.32
1426310089333,37.490505,139.930388,10,0.439,-1.291,8.889,4.173
1426310089434,37.490501,139.930388,10,0.447,-1.361,9.229,4.029
1426310089534,37.490497,139.930388,10,0.545,-1.383,9.642,3.892
1426310089635,37.490494,139.930388,10,0.616,-1.356,9.587,3.757
1426310089731,37.49049,139.930388,10,0.618,-1.369,9.499,3.633
1426310089831,37.490487,139.930389,10,0.569,-1.407,9.507,3.508
1426310089932,37.490484,139.930389,10,0.539,-1.401,9.369,3.386
1426310090033,37.49048,139.930389,10,0.532,-1.387,9.436,3.269
1426310090134,37.490477,139.930389,10,0.518,-1.377,9.474,3.156
1426310090234,37.490474,139.930389,10,0.484,-1.336,9.218,3.048
1426310090335,37.490471,139.930389,6,0.432,-1.375,9.1,2.892
1426310090431,37.490469,139.930388,6,0.376,-1.478,9.465,2.709
1426310090531,37.490466,139.930387,6,0.409,-1.515,9.704,2.53
1426310090632,37.490464,139.930386,6,0.482,-1.434,9.582,2.358
1426310090733,37.490462,139.930386,6,0.544,-1.2,9.448,2.197
1426310090833,37.49046,139.930385,6,0.563,-1.005,9.388,2.047
1426310090934,37.490458,139.930385,6,0.507,-0.902,9.372,1.906
1426310091035,37.490456,139.930384,6,0.372,-0.835,9.279,1.775
1426310091131,37.490454,139.930384,6,0.243,-0.806,9.266,1.66
1426310091231,37.490453,139.930383,6,0.179,-0.736,9.418,1.55
1426310091332,37.490451,139.930383,6,0.19,-0.504,9.582,1.5
1426310091433,37.49045,139.930382,6,0.235,-0.17,9.547,1.5
1426310091533,37.490449,139.930382,6,0.275,0.07,9.303,1.5
1426310091634,37.490448,139.930381,6,0.3,0.208,9.143,1.5
1426310091735,37.490447,139.930381,6,0.312,0.225,9.266,1.5
1426310091836,37.490445,139.93038,6,0.317,0.153,9.549,1.5
1426310091931,37.490444,139.93038,6,0.331,0.066,9.685,1.5
1426310092032,37.490443,139.930379,6,0.35,0.098,9.527,1.5
1426310092133,37.490442,139.930379,6,0.326,0.188,9.248,1.5
1426310092233,37.490441,139.930378,6,0.238,0.225,9.117,1.5
1426310092334,37.490439,139.930379,7,0.139,0.19,9.289,1.5
1426310092435,37.490437,139.930381,7,0.128,0.149,9.523,1.5
1426310092535,37.490436,139.930383,7,0.2,0.137,9.563,1.5
1426310092631,37.490434,139.930385,7,0.313,0.171,9.458,1.5
1426310092732,37.490432,139.930387,7,0.384,0.167,9.372,1.5
1426310092833,37.490431,139.930389,7,0.405,0.146,9.398,1.5
1426310092933,37.490429,139.930391,7,0.357,0.107,9.476,1.5
1426310093034,37.490427,139.930393,7,0.278,0.07,9.452,1.5
1426310093135,37.490425,139.930395,7,0.233,0.015,9.321,1.5
1426310093235,37.490424,139.930397,7,0.246,-0.036,9.279,1.5
1426310093331,37.490423,139.930398,7,0.3,-0.058,9.355,1.45
1426310093432,37.490422,139.930399,7,0.365,-0.078,9.462,1.354
1426310093532,37.490421,139.930399,7,0.398,-0.091,9.476,1.264
1426310093633,37.490421,139.9304,7,0.382,-0.106,9.432,1.178
1426310093734,37.49042,139.9304,7,0.339,-0.129,9.399,1.098
1426310093835,37.49042,139.930401,7,0.299,-0.124,9.408,1.022
1426310093935,37.490419,139.930401,7,0.274,-0.11,9.417,0.952
1426310094031,37.490419,139.930401,7,0.283,-0.078,9.425,0.89
1426310094132,37.490419,139.930402,7,0.289,-0.067,9.43,0.829
1426310094232,37.490418,139.930402,7,0.294,-0.065,9.41,0.775
1426310094333,37.490417,139.930402,5,0.288,-0.06,9.397,0.734
1426310094434,37.490416,139.930403,5,0.279,-0.038,9.421,0.705
1426310094534,37.490415,139.930403,5,0.278,-0.012,9.441,0.677
1426310094635,37.490414,139.930403,5,0.262,0.033,9.423,0.65
1426310094731,37.490412,139.930404,5,0.238,0.07,9.394,0.625
1426310094832,37.490411,139.930404,5,0.217,0.088,9.363,0.6
1426310094932,37.49041,139.930404,5,0.222,0.094,9.368,0.576
1426310095033,37.490409,139.930404,5,0.245,0.096,9.417,0.552
1426310095134,37.490408,139.930405,5,0.26,0.083,9.437,0.53
1426310192226,37.489988,139.933045,5,0.276,0.093,9.421,6.55
1426310192231,37.489988,139.933046,5,0.278,0.087,9.423,6.546
1426310192332,37.489988,139.933053,5,0.282,-0.512,9.512,6.428
1426310192433,37.489987,139.93306,5,0.288,-0.989,9.486,6.292
1426310192533,37.489986,139.933066,5,0.323,-1.215,9.477,6.159
1426310192634,37.489985,139.933073,5,0.395,-1.33,9.415,6.027
1426310192735,37.489985,139.933079,5,0.418,-1.405,9.478,5.898
1426310192831,37.489984,139.933085,5,0.415,-1.502,9.524,5.778
1426310192931,37.489983,139.933092,5,0.42,-1.612,9.448,5.656
1426310193032,37.489983,139.933098,5,0.465,-1.61,9.451,5.535
1426310193133,37.489982,139.933104,5,0.445,-1.671,9.422,5.417
1426310193233,37.489981,139.933109,5,0.428,-1.762,9.478,5.303
1426310193334,37.489981,139.933114,7,0.391,-1.788,9.441,5.174
1426310193431,37.48998,139.933116,7,0.34,-1.795,9.31,5.04
1426310193536,37.489979,139.933119,7,0.316,-1.791,9.251,4.898
1426310193632,37.489978,139.933122,7,0.32,-1.813,9.363,4.771
1426310193732,37.489977,139.933124,7,0.353,-1.837,9.55,4.643
1426310193833,37.489976,139.933127,7,0.385,-1.716,9.645,4.517
1426310193933,37.489976,139.933129,7,0.388,-1.54,9.521,4.395
1426310194034,37.489975,139.933131,7,0.387,-1.402,9.331,4.276
1426310194135,37.489974,139.933134,7,0.387,-1.338,9.254,4.16
1426310194235,37.489973,139.933136,7,0.415,-1.31,9.348,4.049
1426310194331,37.489971,139.933138,7,0.446,-1.278,9.448,3.818
1426310194432,37.489968,139.933139,7,0.457,-1.2,9.443,3.474
1426310194533,37.489965,139.93314,7,0.394,-1.008,9.494,3.153
1426310194633,37.489962,139.933141,7,0.317,-0.795,9.507,2.858
1426310194734,37.489959,139.933142,7,0.257,-0.651,9.403,2.583
1426310194835,37.489957,139.933143,7,0.222,-0.549,9.322,2.332
1426310194935,37.489955,139.933144,7,0.211,-0.471,9.354,2.106
1426310195031,37.489953,139.933145,7,0.214,-0.39,9.428,1.91
1426310195132,37.489951,139.933145,7,0.226,-0.305,9.441,1.727
1426310195232,37.48995,139.933146,7,0.25,-0.211,9.4,1.568
1426310195333,37.489949,139.933147,7,0.263,-0.15,9.346,1.5
1426310195434,37.489948,139.933148,7,0.236,-0.138,9.367,1.5
1426310195535,37.489947,139.93315,7,0.218,-0.149,9.429,1.5
1426310195635,37.489946,139.933151,7,0.202,-0.163,9.429,1.5
1426310195731,37.489945,139.933153,7,0.193,-0.184,9.397,1.5
1426310195832,37.489945,139.933154,7,0.211,-0.202,9.387,1.5
1426310195932,37.489944,139.933156,7,0.227,-0.225,9.423,1.5
1426310196033,37.489943,139.933157,7,0.248,-0.246,9.44,1.5
1426310196134,37.489942,139.933159,7,0.252,-0.245,9.432,1.5
1426310196235,37.489941,139.93316,7,0.208,-0.25,9.415,1.5
1426310196335,37.48994,139.933162,5,0.165,-0.235,9.388,1.419
1426310196431,37.489939,139.933163,5,0.136,-0.198,9.412,1.285
1426310196532,37.489939,139.933164,5,0.12,-0.079,9.486,1.154
1426310196632,37.489938,139.933165,5,0.137,0.033,9.447,1.034
1426310196733,37.489937,139.933166,5,0.167,0.093,9.337,0.923
1426310196834,37.489936,139.933166,5,0.197,0.131,9.3,0.822
1426310196934,37.489936,139.933167,5,0.212,0.15,9.389,0.733
1426310197035,37.489935,139.933168,5,0.198,0.138,9.475,0.653
1426310197131,37.489935,139.933168,5,0.17,0.143,9.446,0.586
1426310197232,37.489934,139.933169,5,0.141,0.154,9.386,0.525
1426310197332,37.489934,139.93317,5,0.129,0.157,9.373,0.449
1426310197433,37.489935,139.933172,5,0.122,0.16,9.411,0.359
1426310197534,37.489935,139.933173,5,0.137,0.161,9.456,0.278
1426310197634,37.489936,139.933174,5,0.158,0.165,9.439,0.209
1426310197735,37.489936,139.933175,5,0.174,0.172,9.385,0.149
1426310197831,37.489936,139.933176,5,0.177,0.172,9.391,0.101
1426310197936,37.489937,139.933177,5,0.168,0.166,9.429,0.059
1426310198032,37.489937,139.933177,5,0.168,0.163,9.434,0.031
1426310198131,37.489937,139.933178,5,0.159,0.155,9.415,0.011
1426310243230,37.489614,139.93219,6,0.143,0.155,9.395,3.762
1426310243235,37.489615,139.93219,6,0.144,0.152,9.395,3.761
1426310243331,37.489617,139.932188,6,0.455,-0.077,9.342,3.723
1426310243431,37.48962,139.932186,6,0.76,-0.238,9.201,3.67
1426310243532,37.489622,139.932184,6,0.971,-0.349,9.217,3.617
1426310243633,37.489625,139.932182,6,1.034,-0.444,9.43,3.565
1426310243733,37.489627,139.932181,6,0.953,-0.517,9.579,3.515
1426310243834,37.48963,139.932179,6,0.835,-0.54,9.531,3.464
1426310243935,37.489632,139.932177,6,0.817,-0.516,9.521,3.414
1426310244036,37.489634,139.932175,6,0.942,-0.418,9.586,3.365
1426310244131,37.489637,139.932174,6,1.035,-0.263,9.459,3.32
1426310244232,37.489639,139.932172,6,0.986,-0.156,9.285,3.272
1426310244333,37.489642,139.932171,5,0.856,-0.093,9.199,3.236
1426310244433,37.489644,139.93217,5,0.74,-0.09,9.29,3.21
1426310244534,37.489647,139.932169,5,0.724,-0.091,9.402,3.185
1426310244635,37.48965,139.932168,5,0.811,-0.103,9.433,3.159
1426310244735,37.489653,139.932167,5,0.925,-0.099,9.413,3.134
1426310244831,37.489656,139.932166,5,1.001,-0.065,9.249,3.11
1426310244932,37.489659,139.932165,5,1.004,-0.066,9.106,3.085
1426310245032,37.489661,139.932164,5,0.927,-0.126,9.4,3.06
1426310245133,37.489664,139.932163,5,0.925,-0.191,9.754,3.035
1426310245234,37.489667,139.932162,5,1.007,-0.211,9.586,3.011
1426310245335,37.48967,139.932162,6,1.089,-0.23,9.333,3.0
1426310245435,37.489672,139.932162,6,1.125,-0.316,9.354,3.0
1426310245531,37.489675,139.932163,6,1.021,-0.479,9.503,3.0
1426310245632,37.489678,139.932163,6,0.877,-0.632,9.521,3.0
1426310245732,37.489681,139.932163,6,0.732,-0.741,9.382,3.0
1426310245833,37.489683,139.932164,6,0.626,-0.795,9.363,3.0
1426310245934,37.489686,139.932164,6,0.556,-0.778,9.37,3.0
1426310246034,37.489689,139.932164,6,0.508,-0.691,9.327,3.0
1426310246135,37.489692,139.932165,6,0.469,-0.566,9.314,3.0
1426310246231,37.489695,139.932165,6,0.419,-0.497,9.412,3.0
1426310246332,37.489698,139.932167,6,0.398,-0.455,9.495,3.0
1426310246432,37.489701,139.93217,6,0.41,-0.474,9.548,3.0
1426310246533,37.489704,139.932173,6,0.48,-0.482,9.572,3.0
1426310246634,37.489707,139.932176,6,0.496,-0.43,9.399,3.0
1426310246734,37.48971,139.932179,6,0.369,-0.408,9.218,3.0
1426310246835,37.489713,139.932182,6,0.16,-0.441,9.303,3.0
1426310246931,37.489716,139.932185,6,0.03,-0.439,9.366,3.0
1426310247032,37.489719,139.932188,6,0.033,-0.439,9.395,3.0
1426310247132,37.489722,139.932191,6,0.151,-0.44,9.481,3.0
1426310247233,37.489726,139.932194,6,0.351,-0.425,9.519,3.0
1426310247334,37.489728,139.932196,6,0.453,-0.403,9.416,3.0
1426310247434,37.489731,139.932198,6,0.4,-0.396,9.317,3.0
1426310247535,37.489734,139.9322,6,0.298,-0.403,9.374,3.0
1426310247631,37.489736,139.932201,6,0.236,-0.424,9.47,3.0
1426310247731,37.489739,139.932203,6,0.277,-0.396,9.523,3.0
1426310247832,37.489741,139.932205,6,0.357,-0.318,9.436,3.0
1426310247933,37.489744,139.932207,6,0.389,-0.215,9.24,3.0
1426310248034,37.489747,139.932209,6,0.351,-0.165,9.269,3.0
1426310248134,37.489749,139.93221,6,0.271,-0.14,9.493,3.0
1426310248235,37.489752,139.932212,6,0.223,-0.11,9.535,3.0
1426310248331,37.489754,139.932214,4,0.214,-0.075,9.394,2.957
1426310248431,37.489756,139.932215,4,0.261,-0.08,9.279,2.873
1426310248532,37.489758,139.932217,4,0.363,-0.112,9.28,2.791
1426310248633,37.48976,139.932218,4,0.478,-0.202,9.35,2.711
1426310248734,37.489762,139.932219,4,0.518,-0.285,9.492,2.633
1426310248834,37.489764,139.932221,4,0.469,-0.327,9.517,2.558
1426310248935,37.489765,139.932222,4,0.346,-0.35,9.373,2.485
1426310249031,37.489767,139.932223,4,0.23,-0.382,9.278,2.417
1426310249131,37.489769,139.932224,4,0.16,-0.42,9.33,2.348
1426310249232,37.48977,139.932225,4,0.183,-0.457,9.404,2.281
1426310249333,37.489772,139.932227,4,0.229,-0.46,9.442,2.183
1426310249433,37.489773,139.932228,4,0.255,-0.467,9.395,2.06
1426310249534,37.489774,139.932228,4,0.215,-0.479,9.341,1.942
1426310249635,37.489776,139.932229,4,0.176,-0.527,9.371,1.83
1426310249731,37.489777,139.93223,4,0.175,-0.558,9.456,1.728
1426310249831,37.489778,139.932231,4,0.225,-0.592,9.462,1.628
1426310249932,37.489779,139.932232,4,0.299,-0.59,9.429,1.533
1426310250033,37.48978,139.932232,4,0.332,-0.556,9.445,1.444
1426310250133,37.489781,139.932233,4,0.296,-0.451,9.478,1.361
1426310250234,37.489782,139.932234,4,0.224,-0.319,9.442,1.283
1426310250335,37.489782,139.932235,4,0.164,-0.194,9.402,1.116
1426310250436,37.489781,139.932237,4,0.165,-0.101,9.367,0.89
1426310250531,37.489781,139.932238,4,0.213,-0.045,9.356,0.701
1426310250632,37.489781,139.93224,4,0.294,-0.029,9.406,0.525
1426310250733,37.489781,139.932241,4,0.337,-0.01,9.47,0.374
1426310250833,37.48978,139.932242,4,0.312,-0.0,9.444,0.25
1426310250934,37.48978,139.932243,4,0.259,0.003,9.4,0.15
1426310251035,37.48978,139.932243,4,0.216,0.011,9.387,0.075
1426310251135,37.48978,139.932244,4,0.212,0.013,9.42,0.026
1426310251231,37.48978,139.932244,4,0.214,0.031,9.44,0.003
1426310274228,37.490076,139.932273,4,0.263,0.137,9.441,1.75
1426310299229,37.490172,139.930563,9,0.261,0.139,9.44,7.0
1426310299234,37.490172,139.930563,9,0.26,0.14,9.443,7.0
1426310299334,37.490173,139.930555,7,0.308,-0.485,9.649,6.986
1426310299435,37.490174,139.930548,7,0.336,-0.906,9.577,6.961
1426310299531,37.490176,139.930541,7,0.336,-1.094,9.48,6.936
1426310299631,37.490177,139.930534,7,0.281,-1.153,9.385,6.911
1426310299732,37.490178,139.930527,7,0.25,-1.221,9.25,6.886
1426310299833,37.49018,139.930519,7,0.247,-1.193,9.273,6.861
1426310299934,37.490181,139.930512,7,0.228,-1.164,9.476,6.835
1426310300034,37.490183,139.930505,7,0.21,-1.082,9.446,6.811
1426310300135,37.490184,139.930498,7,0.311,-0.979,9.243,6.786
1426310300231,37.490185,139.930491,7,0.164,-0.973,9.509,6.762
1426310300331,37.490187,139.930484,8,0.167,-1.015,9.602,6.75
1426310300432,37.490188,139.930476,8,0.175,-1.182,9.527,6.75
1426310300533,37.490189,139.930468,8,0.165,-1.346,9.641,6.75
1426310300633,37.49019,139.93046,8,0.221,-1.334,9.447,6.75
1426310300734,37.490191,139.930453,8,0.167,-1.435,9.475,6.75
1426310300835,37.490192,139.930445,8,0.158,-1.5,9.441,6.75
1426310300936,37.490193,139.930437,8,0.265,-1.506,9.678,6.75
1426310301031,37.490194,139.930429,8,0.268,-1.411,9.399,6.75
1426310301132,37.490195,139.930422,8,0.21,-1.334,8.893,6.75
1426310301233,37.490196,139.930414,8,0.176,-1.3,8.962,6.75
1426310301333,37.490197,139.930408,8,0.17,-1.41,9.362,6.548
1426310301434,37.490198,139.930405,8,0.211,-1.481,9.752,6.176
1426310301535,37.4902,139.930402,8,0.207,-1.511,9.629,5.822
1426310301635,37.490201,139.930399,8,0.205,-1.341,9.484,5.489
1426310301731,37.490203,139.930396,8,0.139,-1.087,9.392,5.185
1426310301832,37.490204,139.930393,8,0.071,-0.897,9.267,4.882
1426310301933,37.490205,139.930391,8,0.007,-0.805,9.261,4.597
1426310302033,37.490206,139.930388,8,-0.009,-0.802,9.33,4.332
1426310302134,37.490208,139.930386,8,0.067,-0.897,9.292,4.081
1426310302235,37.490209,139.930384,8,0.125,-1.016,9.294,3.848
1426310302335,37.490209,139.930382,8,0.151,-1.077,9.518,3.668
1426310302431,37.49021,139.930381,8,0.204,-1.107,9.564,3.529
1426310302532,37.49021,139.930379,8,0.244,-1.003,9.479,3.388
1426310302632,37.49021,139.930378,8,0.241,-0.861,9.29,3.253
1426310302733,37.490211,139.930376,8,0.244,-0.692,9.333,3.122
1426310302834,37.490211,139.930375,8,0.186,-0.481,9.529,2.996
1426310302935,37.490211,139.930374,8,0.143,-0.243,9.688,2.875
1426310303035,37.490211,139.930373,8,0.104,-0.086,9.541,2.76
1426310303131,37.490212,139.930372,8,0.095,0.029,9.343,2.655
1426310303232,37.490212,139.930371,8,0.112,0.074,9.227,2.549
1426310303332,37.490212,139.930368,6,0.129,0.088,9.258,2.486
1426310303433,37.490213,139.930365,6,0.147,0.136,9.322,2.46
1426310303534,37.490214,139.930362,6,0.179,0.146,9.358,2.434
1426310303635,37.490215,139.930358,6,0.192,0.153,9.392,2.408
1426310303735,37.490216,139.930355,6,0.155,0.156,9.445,2.383
1426310303831,37.490217,139.930352,6,0.105,0.146,9.472,2.359
1426310303932,37.490217,139.930349,6,0.111,0.157,9.472,2.334
1426310304032,37.490218,139.930346,6,0.111,0.216,9.393,2.31
1426310304133,37.490219,139.930342,6,0.135,0.441,9.461,2.285
1426310338228,37.490522,139.928032,5,0.152,0.557,9.453,5.75
1426310338233,37.490522,139.928032,5,0.15,0.546,9.447,5.75
1426310338333,37.490523,139.928027,10,0.136,0.01,9.486,5.708
1426310338434,37.490526,139.928023,10,0.081,-0.355,9.411,5.628
1426310338535,37.490528,139.92802,10,0.062,-0.556,9.378,5.549
1426310338631,37.49053,139.928016,10,0.076,-0.592,9.391,5.475
1426310338731,37.490533,139.928013,10,0.112,-0.649,9.394,5.399
1426310338832,37.490535,139.928009,10,0.171,-0.716,9.475,5.323
1426310338933,37.490537,139.928006,10,0.18,-0.75,9.554,5.248
1426310339033,37.49054,139.928002,10,0.146,-0.721,9.344,5.176
1426310339134,37.490542,139.927999,10,0.132,-0.686,9.191,5.103
1426310339235,37.490544,139.927995,10,0.168,-0.676,9.259,5.032
1426310339336,37.490544,139.927991,10,0.146,-0.672,9.361,4.986
1426310339431,37.490543,139.927987,10,0.188,-0.709,9.514,4.961
1426310339532,37.490542,139.927983,10,0.243,-0.677,9.555,4.936
1426310339633,37.490541,139.927978,10,0.29,-0.651,9.395,4.91
1426310339733,37.490539,139.927974,10,0.325,-0.658,9.371,4.885
1426310339834,37.490538,139.927969,10,0.372,-0.633,9.409,4.86
1426310339935,37.490537,139.927965,10,0.358,-0.672,9.492,4.835
1426310340035,37.490536,139.927961,10,0.299,-0.693,9.536,4.81
1426310340136,37.490535,139.927956,10,0.268,-0.656,9.386,4.785
1426310340232,37.490534,139.927952,10,0.272,-0.631,9.215,4.762
1426310340331,37.490532,139.927949,10,0.32,-0.634,9.341,4.66
1426310340433,37.490531,139.927946,10,0.365,-0.662,9.567,4.484
1426310340532,37.490529,139.927943,10,0.409,-0.652,9.459,4.319
1426310340635,37.490528,139.92794,10,0.451,-0.637,9.274,4.153
1426310340734,37.490526,139.927938,10,0.464,-0.645,9.359,3.999
1426310340831,37.490525,139.927936,10,0.449,-0.651,9.434,3.854
1426310340932,37.490524,139.927933,10,0.423,-0.68,9.395,3.708
1426310341032,37.490523,139.927931,10,0.403,-0.674,9.373,3.57
1426310341133,37.490522,139.927929,10,0.371,-0.686,9.436,3.435
1426310341234,37.49052,139.927927,10,0.354,-0.651,9.28,3.307
1426310341335,37.490518,139.927925,8,0.394,-0.657,9.422,3.204
1426310341435,37.490516,139.927923,8,0.462,-0.66,9.637,3.121
1426310341531,37.490513,139.92792,8,0.475,-0.626,9.512,3.043
1426310341632,37.49051,139.927918,8,0.435,-0.486,9.317,2.964
1426310341732,37.490507,139.927916,8,0.359,-0.444,9.273,2.887
1426310341833,37.490505,139.927914,8,0.362,-0.424,9.425,2.811
1426310341934,37.490502,139.927912,8,0.443,-0.413,9.575,2.737
1426310342035,37.4905,139.92791,8,0.461,-0.409,9.657,2.666
1426310342135,37.490497,139.927909,8,0.44,-0.359,9.488,2.597
1426310342231,37.490495,139.927907,8,0.376,-0.367,9.305,2.532
1426310342332,37.490494,139.927905,8,0.401,-0.344,9.302,2.471
1426310342432,37.490495,139.927902,8,0.438,-0.377,9.447,2.417
1426310342533,37.490495,139.9279,8,0.427,-0.416,9.492,2.363
1426310342634,37.490496,139.927898,8,0.38,-0.453,9.509,2.31
1426310342734,37.490496,139.927895,8,0.336,-0.44,9.373,2.259
1426310342835,37.490497,139.927893,8,0.335,-0.382,9.238,2.209
1426310342931,37.490497,139.927891,8,0.376,-0.384,9.393,2.162
1426310343031,37.490498,139.927889,8,0.388,-0.379,9.444,2.114
1426310343132,37.490498,139.927887,8,0.369,-0.423,9.293,2.067
1426310343233,37.490499,139.927885,8,0.381,-0.42,9.348,2.021
1426310343334,37.490499,139.927883,4,0.396,-0.429,9.524,1.969
1426310343434,37.490499,139.92788,4,0.391,-0.42,9.535,1.914
1426310343535,37.490499,139.927878,4,0.387,-0.388,9.461,1.859
1426310343631,37.490499,139.927876,4,0.35,-0.388,9.424,1.808
1426310343731,37.490499,139.927874,4,0.364,-0.37,9.352,1.757
1426310343832,37.4905,139.927872,4,0.401,-0.388,9.314,1.706
1426310343933,37.4905,139.92787,4,0.475,-0.389,9.437,1.657
1426310344034,37.4905,139.927868,4,0.498,-0.394,9.392,1.61
1426310344134,37.4905,139.927866,4,0.485,-0.387,9.23,1.564
1426310344235,37.4905,139.927864,4,0.397,-0.445,9.276,1.519
1426310344331,37.4905,139.927862,4,0.335,-0.466,9.48,1.47
1426310344431,37.4905,139.92786,4,0.288,-0.504,9.553,1.412
1426310344532,37.4905,139.927858,4,0.342,-0.411,9.446,1.355
1426310344633,37.4905,139.927856,4,0.416,-0.4,9.363,1.301
1426310344733,37.490499,139.927854,4,0.489,-0.373,9.36,1.249
1426310344834,37.490499,139.927852,4,0.497,-0.409,9.363,1.198
1426310344935,37.490499,139.92785,4,0.454,-0.427,9.439,1.15
1426310345031,37.490499,139.927849,4,0.366,-0.457,9.442,1.106
1426310345131,37.490499,139.927847,4,0.298,-0.433,9.335,1.062
1426310345232,37.490499,139.927846,4,0.268,-0.442,9.284,1.019
1426310345333,37.490499,139.927845,4,0.308,-0.423,9.42,0.965
1426310345433,37.490499,139.927844,4,0.378,-0.395,9.51,0.902
1426310345534,37.490499,139.927844,4,0.42,-0.34,9.459,0.841
1426310345635,37.490499,139.927843,4,0.428,-0.262,9.413,0.784
1426310345735,37.490498,139.927843,4,0.385,-0.228,9.399,0.731
1426310345831,37.490498,139.927842,4,0.344,-0.229,9.395,0.683
1426310345932,37.490498,139.927842,4,0.319,-0.21,9.434,0.636
1426310346033,37.490498,139.927842,4,0.335,-0.161,9.394,0.593
1426310346133,37.490498,139.927841,4,0.35,-0.141,9.354,0.553
1426310346234,37.490498,139.927841,4,0.393,-0.094,9.39,0.516
1426310346335,37.490498,139.92784,4,0.375,-0.087,9.446,0.482
1426310346435,37.490498,139.92784,4,0.379,-0.041,9.453,0.45
1426310346531,37.490499,139.927839,4,0.35,-0.036,9.437,0.422
1426310346632,37.490499,139.927838,4,0.352,0.02,9.427,0.393
1426310346732,37.490499,139.927837,4,0.332,0.012,9.401,0.366
1426310346833,37.490499,139.927837,4,0.353,0.026,9.372,0.341
1426310346934,37.490499,139.927836,4,0.365,-0.005,9.354,0.318
1426310347035,37.4905,139.927835,4,0.39,0.002,9.367,0.296
1426310347135,37.4905,139.927835,4,0.387,-0.025,9.364,0.276
1426310347231,37.4905,139.927834,4,0.4,-0.023,9.39,0.258
1426310347332,37.4905,139.927834,4,0.37,-0.046,9.411,0.25
1426310347432,37.4905,139.927834,4,0.361,-0.016,9.432,0.25
1426310347533,37.4905,139.927834,4,0.346,-0.008,9.436,0.25
1426310347634,37.4905,139.927834,4,0.335,0.011,9.447,0.25
1426310347735,37.4905,139.927834,4,0.337,0.024,9.442,0.25
1426310347835,37.4905,139.927835,4,0.324,0.013,9.437,0.25
1426310347931,37.4905,139.927835,4,0.353,0.035,9.412,0.25
1426310348032,37.4905,139.927835,4,0.372,0.03,9.402,0.25
1426310348132,37.4905,139.927835,4,0.392,0.018,9.374,0.25
1426310375228,37.490594,139.92699,5,0.383,-0.004,9.36,6.237
1426310440230,37.491308,139.921527,11,0.378,-0.012,9.366,7.487
1426310442229,37.491309,139.921347,7,0.376,-0.019,9.372,7.75
1426310465226,37.491496,139.919285,6,0.374,-0.025,9.373,7.75
1426310473227,37.491597,139.918697,7,0.371,-0.034,9.371,6.5
1426310475226,37.49161,139.918579,13,0.364,-0.043,9.371,5.013
1426310475231,37.49161,139.918578,13,0.355,-0.057,9.375,5.012
1426310475332,37.491609,139.918572,10,0.316,-0.425,9.621,4.958
1426310475432,37.49161,139.918567,10,0.307,-0.599,9.701,4.878
1426310475533,37.49161,139.918563,10,0.268,-0.723,9.745,4.799
1426310475634,37.49161,139.918558,10,0.255,-0.766,9.672,4.721
1426310475734,37.491611,139.918554,10,0.312,-0.671,9.377,4.644
1426310475835,37.491611,139.91855,10,0.4,-0.643,9.097,4.569
1426310475931,37.491612,139.918546,10,0.366,-0.683,9.266,4.498
1426310476032,37.491612,139.918542,10,0.35,-0.626,9.4,4.425
1426310476132,37.491612,139.918538,10,0.294,-0.648,9.459,4.353
1426310476233,37.491613,139.918534,10,0.254,-0.622,9.537,4.283
1426310476334,37.491613,139.918529,6,0.222,-0.564,9.349,4.25
1426310476434,37.491614,139.918524,6,0.222,-0.508,9.165,4.25
1426310476535,37.491614,139.918519,6,0.282,-0.448,9.266,4.25
1426310476631,37.491615,139.918514,6,0.341,-0.387,9.57,4.25
1426310476731,37.491615,139.918509,6,0.329,-0.288,9.622,4.25
1426310476832,37.491616,139.918504,6,0.329,-0.198,9.534,4.25
1426310476933,37.491616,139.918499,6,0.286,-0.18,9.293,4.25
1426310477034,37.491617,139.918494,6,0.259,-0.216,9.402,4.25
1426310477134,37.491617,139.918489,6,0.223,-0.239,9.726,4.25
1426310477235,37.491618,139.918484,6,0.077,-0.243,9.693,4.25
1426310477331,37.491618,139.91848,6,0.027,-0.266,9.559,4.25
1426310477431,37.491619,139.918475,6,-0.023,-0.117,9.069,4.25
1426310477532,37.491619,139.91847,6,-0.036,-0.042,8.826,4.25
1426310477633,37.49162,139.918466,6,-0.009,-0.068,9.136,4.25
1426310477733,37.49162,139.918461,6,0.07,-0.116,9.422,4.25
1426310477834,37.491621,139.918457,6,0.128,-0.159,9.55,4.25
1426310477935,37.491621,139.918452,6,0.164,-0.111,9.455,4.25
1426310478031,37.491622,139.918447,6,0.152,-0.16,9.554,4.25
1426310478131,37.491622,139.918443,6,0.219,-0.163,9.547,4.25
1426310478232,37.491623,139.918438,6,0.28,-0.15,9.291,4.25
1426310478333,37.491623,139.918436,7,0.274,-0.192,9.132,4.009
1426310478433,37.491622,139.918435,7,0.25,-0.248,9.348,3.579
1426310478534,37.491621,139.918435,7,0.14,-0.303,9.516,3.178
1426310478635,37.49162,139.918434,7,0.007,-0.372,9.583,2.81
1426310478735,37.491619,139.918434,7,-0.055,-0.407,9.695,2.479
1426310478831,37.491619,139.918433,7,-0.073,-0.416,9.663,2.192
1426310478932,37.491618,139.918433,7,-0.048,-0.36,9.324,1.923
1426310479033,37.491618,139.918433,7,0.025,-0.297,9.054,1.687
1426310479133,37.491617,139.918432,7,0.157,-0.249,9.13,1.486
1426310479234,37.491617,139.918432,7,0.309,-0.225,9.42,1.316
1426310479335,37.491616,139.918431,8,0.32,-0.249,9.49,1.29
1426310479435,37.491615,139.918429,8,0.275,-0.224,9.392,1.368
1426310479531,37.491613,139.918427,8,0.215,-0.185,9.255,1.447
1426310479632,37.491612,139.918424,8,0.197,-0.199,9.204,1.537
1426310479733,37.49161,139.918422,8,0.235,-0.201,9.294,1.632
1426310479833,37.491608,139.918419,8,0.292,-0.219,9.448,1.732
1426310479934,37.491606,139.918416,8,0.4,-0.238,9.502,1.839
1426310480035,37.491604,139.918413,8,0.586,-0.19,9.454,1.952
1426310480135,37.491601,139.91841,8,0.754,-0.125,9.39,2.07
1426310480231,37.491599,139.918407,8,0.874,-0.089,9.513,2.188
1426310480332,37.491598,139.918404,8,0.892,-0.061,9.504,2.221
1426310480432,37.491599,139.918401,8,0.768,0.013,9.286,2.166
1426310480533,37.4916,139.918399,8,0.682,0.043,9.352,2.112
1426310480634,37.491601,139.918397,8,0.743,0.073,9.597,2.059
1426310480735,37.491602,139.918394,8,0.914,0.081,9.527,2.007
1426310480835,37.491603,139.918392,8,0.996,0.026,9.563,1.957
1426310480931,37.491603,139.91839,8,1.038,0.1,9.599,1.91
1426310481032,37.491604,139.918388,8,0.994,0.167,9.334,1.862
1426310481132,37.491605,139.918386,8,0.933,0.149,9.232,1.816
1426310481233,37.491606,139.918384,8,0.88,0.103,9.473,1.771
1426310481334,37.491607,139.918382,4,0.836,0.082,9.403,1.763
1426310481435,37.491608,139.918381,4,0.823,0.133,9.125,1.787
1426310481535,37.491609,139.91838,4,0.848,0.166,9.128,1.811
1426310481631,37.491611,139.918379,4,0.936,0.232,9.227,1.834
1426310481732,37.491612,139.918377,4,1.091,0.202,9.077,1.859
1426310481832,37.491613,139.918376,4,1.246,0.197,9.073,1.884
1426310481933,37.491615,139.918375,4,1.35,0.154,9.244,1.909
1426310482034,37.491616,139.918373,4,1.384,0.152,9.339,1.935
1426310482134,37.491618,139.918372,4,1.25,0.175,9.43,1.961
1426310604228,37.496164,139.920714,5,1.14,0.269,9.545,6.5
1426310604233,37.496165,139.920714,5,1.133,0.281,9.542,6.5
1426310604334,37.496171,139.920717,8,0.727,0.274,9.427,6.486
1426310604434,37.496177,139.920721,8,0.476,0.182,9.489,6.461
1426310604535,37.496184,139.920726,8,0.312,0.141,9.468,6.435
1426310604631,37.49619,139.92073,8,0.199,0.16,9.256,6.411
1426310604731,37.496197,139.920735,8,0.106,0.182,9.161,6.386
1426310604832,37.496203,139.92074,8,0.052,0.183,9.308,6.361
1426310604933,37.49621,139.920744,8,0.051,0.156,9.538,6.336
1426310605033,37.496216,139.920749,8,-0.003,0.174,9.45,6.311
1426310605134,37.496223,139.920753,8,0.005,0.212,9.389,6.286
1426310615230,37.496781,139.920871,5,0.019,0.196,9.511,6.25
1426310650226,37.498522,139.921396,5,0.019,0.2,9.508,4.263
1426310650231,37.498523,139.921396,5,0.02,0.205,9.503,4.262
1426310650332,37.498526,139.921397,5,0.005,0.025,9.393,4.222
1426310650433,37.498529,139.921398,5,0.009,-0.143,9.384,4.169
1426310650533,37.498532,139.921399,5,0.017,-0.256,9.493,4.118
1426310650634,37.498535,139.921401,5,0.053,-0.256,9.471,4.066
1426310650735,37.498539,139.921402,5,0.113,-0.21,9.383,4.015
1426310650835,37.498542,139.921403,5,0.105,-0.26,9.435,3.965
1426310650931,37.498545,139.921405,5,0.057,-0.319,9.432,3.917
1426310651032,37.498548,139.921406,5,0.048,-0.327,9.374,3.868
1426310651133,37.498551,139.921407,5,0.06,-0.295,9.295,3.82
1426310651233,37.498554,139.921408,5,0.12,-0.306,9.596,3.772
1426310651334,37.498557,139.921409,5,0.182,-0.265,9.447,3.721
1426310651435,37.49856,139.92141,5,0.225,-0.212,8.993,3.668
1426310651535,37.498564,139.92141,5,0.261,-0.163,9.083,3.616
1426310651631,37.498567,139.92141,5,0.289,-0.228,9.511,3.566
1426310651732,37.49857,139.921411,5,0.356,-0.251,9.772,3.515
1426310651832,37.498573,139.921411,5,0.463,-0.279,9.499,3.465
1426310651933,37.498576,139.921412,5,0.544,-0.222,9.411,3.415
1426310652034,37.49858,139.921412,5,0.509,-0.338,9.754,3.366
1426310652135,37.498583,139.921412,5,0.54,-0.338,9.746,3.318
1426310652235,37.498586,139.921413,5,0.58,-0.215,9.269,3.271
1426310652331,37.498589,139.921414,6,0.512,-0.117,8.974,3.25
1426310652432,37.498593,139.921415,6,0.446,-0.156,8.996,3.25
1426310652532,37.498596,139.921417,6,0.415,-0.262,9.282,3.25
1426310652633,37.4986,139.921418,6,0.528,-0.292,9.509,3.25
1426310652734,37.498604,139.921419,6,0.815,-0.286,9.692,3.25
1426310652835,37.498608,139.921421,6,1.134,-0.195,9.546,3.25
1426310652935,37.498611,139.921422,6,1.299,-0.22,9.399,3.25
1426310653031,37.498615,139.921424,6,1.312,-0.225,9.271,3.25
1426310653137,37.498619,139.921425,6,1.163,-0.309,9.291,3.25
1426310653232,37.498622,139.921426,6,1.128,-0.312,9.536,3.25
1426310653331,37.498625,139.921428,6,1.251,-0.306,9.458,3.262
1426310653434,37.498627,139.921431,6,1.382,-0.315,9.444,3.287
1426310653533,37.498629,139.921433,6,1.321,-0.226,9.261,3.312
1426310653635,37.498631,139.921436,6,1.064,-0.209,9.135,3.337
1426310653731,37.498633,139.921438,6,0.9,-0.161,9.095,3.36
1426310653832,37.498635,139.921441,6,0.841,-0.296,9.604,3.386
1426310653932,37.498637,139.921444,6,0.947,-0.378,9.928,3.411
1426310654033,37.498639,139.921446,6,1.091,-0.438,9.734,3.437
1426310654134,37.498641,139.921449,6,1.284,-0.378,9.389,3.462
1426310654234,37.498643,139.921452,6,1.263,-0.403,9.411,3.488
1426310654335,37.498644,139.921455,7,1.17,-0.431,9.581,3.417
1426310654431,37.498643,139.921459,7,1.186,-0.427,9.501,3.276
1426310654531,37.498642,139.921463,7,1.25,-0.361,9.267,3.135
1426310654632,37.498641,139.921466,7,1.188,-0.285,9.118,2.998
1426310654733,37.49864,139.92147,7,1.078,-0.214,9.414,2.866
1426310654834,37.49864,139.921473,7,0.978,-0.201,9.555,2.74
1426310654934,37.498639,139.921476,7,1.004,-0.195,9.525,2.621
1426310655035,37.498638,139.921479,7,1.047,-0.171,9.53,2.506
1426310655131,37.498638,139.921482,7,1.005,-0.136,9.702,2.402
1426310700228,37.498039,139.923579,5,0.849,-0.031,9.534,1.547
1426310700233,37.498039,139.923579,5,0.839,-0.023,9.512,1.542
1426310700333,37.498039,139.923579,5,0.602,-0.12,9.411,1.448
1426310700434,37.498038,139.92358,5,0.395,-0.2,9.379,1.352
1426310700535,37.498037,139.923581,5,0.229,-0.231,9.356,1.261
1426310700631,37.498037,139.923582,5,0.155,-0.237,9.336,1.18
1426310700731,37.498036,139.923582,5,0.151,-0.212,9.359,1.1
1426310700832,37.498036,139.923583,5,0.217,-0.186,9.38,1.024
1426310700933,37.498035,139.923583,5,0.257,-0.176,9.383,0.954
1426310701033,37.498035,139.923584,5,0.267,-0.15,9.398,0.889
1426310701134,37.498035,139.923584,5,0.229,-0.142,9.384,0.828
1426310701235,37.498034,139.923585,5,0.175,-0.133,9.368,0.773
1426310701335,37.498034,139.923585,5,0.136,-0.117,9.368,0.71
1426310701431,37.498034,139.923585,5,0.142,-0.109,9.376,0.642
1426310701532,37.498033,139.923585,5,0.184,-0.066,9.39,0.577
1426310701633,37.498033,139.923585,5,0.209,-0.038,9.404,0.516
1426310701733,37.498033,139.923586,5,0.211,0.028,9.416,0.462
1426310701834,37.498033,139.923586,5,0.186,0.082,9.398,0.411
1426310701935,37.498032,139.923586,5,0.163,0.101,9.388,0.366
1426310702035,37.498032,139.923586,5,0.165,0.123,9.39,0.326
1426310702131,37.498032,139.923586,5,0.146,0.128,9.426,0.293
1426310776227,37.49742,139.923435,5,0.152,0.156,9.445,4.513
1426310776232,37.49742,139.923435,5,0.152,0.155,9.444,4.512
1426310776333,37.497416,139.923433,5,0.143,-0.167,9.257,4.5
1426310776433,37.497413,139.923432,5,0.182,-0.423,9.292,4.5
1426310776534,37.49741,139.92343,5,0.245,-0.578,9.527,4.5
1426310776635,37.497406,139.923429,5,0.295,-0.663,9.398,4.5
1426310776731,37.497403,139.923427,5,0.335,-0.738,9.368,4.5
1426310776831,37.4974,139.923426,5,0.374,-0.769,9.541,4.5
1426310776932,37.497396,139.923424,5,0.368,-0.75,9.437,4.5
1426310777033,37.497393,139.923423,5,0.365,-0.707,9.348,4.5
1426310777133,37.49739,139.923421,5,0.405,-0.672,9.348,4.5
1426310777234,37.497387,139.92342,5,0.439,-0.691,9.375,4.5
1426310777335,37.497384,139.923418,5,0.458,-0.71,9.466,4.382
1426310777436,37.497381,139.923417,5,0.528,-0.636,9.545,4.171
1426310777531,37.497379,139.923417,5,0.578,-0.525,9.483,3.981
1426310777632,37.497377,139.923416,5,0.533,-0.4,9.495,3.788
1426310777733,37.497375,139.923415,5,0.47,-0.279,9.507,3.603
1426310777833,37.497373,139.923414,5,0.516,-0.152,9.409,3.428
1426310777934,37.497371,139.923413,5,0.618,-0.071,9.304,3.26
1426310778035,37.497369,139.923413,5,0.704,0.022,9.305,3.101
1426310778135,37.497367,139.923412,5,0.694,0.021,9.457,2.951
1426310778231,37.497366,139.923411,5,0.626,0.002,9.458,2.816
1426310778332,37.497364,139.92341,4,0.56,0.003,9.344,2.722
1426310778433,37.497363,139.923409,4,0.59,-0.04,9.34,2.667
1426310778533,37.497361,139.923408,4,0.62,-0.014,9.465,2.614
1426310778634,37.49736,139.923407,4,0.648,-0.058,9.466,2.562
1426310778735,37.497358,139.923406,4,0.651,-0.029,9.398,2.51
1426310778835,37.497357,139.923405,4,0.733,-0.039,9.359,2.46
1426310778931,37.497356,139.923404,4,0.847,-0.046,9.363,2.413
1426310779032,37.497354,139.923403,4,1.013,-0.026,9.31,2.365
1426310779132,37.497353,139.923401,4,1.078,-0.047,9.197,2.318
1426310779233,37.497352,139.9234,4,1.088,-0.039,9.234,2.271
1426310779334,37.49735,139.923399,4,0.95,-0.146,9.473,2.263
1426310779435,37.49735,139.923397,4,0.832,-0.219,9.673,2.287
1426310779535,37.497349,139.923395,4,0.77,-0.29,9.658,2.311
1426310779631,37.497348,139.923393,4,0.74,-0.303,9.605,2.335
1426310779732,37.497347,139.92339,4,0.69,-0.28,9.358,2.36
1426310779832,37.497346,139.923388,4,0.625,-0.225,9.051,2.385
1426310779933,37.497345,139.923386,4,0.538,-0.249,9.125,2.41
1426310780034,37.497344,139.923384,4,0.504,-0.286,9.464,2.436
1426310780134,37.497343,139.923381,4,0.453,-0.284,9.509,2.462
1426310780235,37.497341,139.923379,4,0.428,-0.278,9.277,2.488
1426310780331,37.497341,139.923376,4,0.401,-0.265,9.245,2.5
1426310780432,37.49734,139.923373,4,0.409,-0.371,9.559,2.5
1426310780532,37.49734,139.92337,4,0.417,-0.514,9.775,2.5
1426310780633,37.49734,139.923367,4,0.439,-0.627,9.779,2.5
1426310780734,37.497339,139.923364,4,0.465,-0.562,9.479,2.5
1426310780834,37.497339,139.923361,4,0.397,-0.456,9.189,2.5
1426310780935,37.497338,139.923358,4,0.279,-0.434,9.174,2.5
1426310781036,37.497338,139.923355,4,0.16,-0.455,9.337,2.5
1426310781132,37.497338,139.923352,4,0.047,-0.484,9.498,2.5
1426310781231,37.497337,139.923349,4,-0.012,-0.525,9.452,2.5
1426310781333,37.497337,139.923345,4,-0.011,-0.445,9.36,2.5
1426310781432,37.497338,139.923343,4,0.021,-0.357,9.327,2.5
1426310781534,37.497338,139.92334,4,0.136,-0.246,9.454,2.5
1426310781633,37.497339,139.923337,4,0.211,-0.273,9.586,2.5
1426310781731,37.497339,139.923334,4,0.267,-0.275,9.564,2.5
1426310781831,37.49734,139.923331,4,0.239,-0.173,9.451,2.5
1426310781932,37.49734,139.923328,4,0.057,-0.165,9.329,2.5
1426310782033,37.497341,139.923325,4,-0.189,-0.118,9.123,2.5
1426310782133,37.497341,139.923322,4,-0.344,-0.118,9.138,2.5
1426310782234,37.497342,139.923319,4,-0.301,-0.143,9.482,2.5
1426310782335,37.497342,139.923316,4,-0.089,-0.09,9.593,2.486
1426310782431,37.497343,139.923313,4,0.159,-0.057,9.46,2.461
1426310782531,37.497344,139.92331,4,0.212,-0.061,9.383,2.435
1426310782632,37.497345,139.923307,4,0.051,-0.08,9.409,2.409
1426310782733,37.497346,139.923304,4,-0.142,-0.105,9.489,2.383
1426310782833,37.497347,139.9233,4,-0.241,-0.102,9.573,2.358
1426310782934,37.497347,139.923297,4,-0.218,-0.03,9.52,2.334
1426310783035,37.497348,139.923294,4,-0.168,0.019,9.197,2.309
1426310783131,37.497349,139.923291,4,-0.168,-0.018,9.069,2.286
1426310798227,37.497461,139.922639,5,-0.237,-0.14,9.574,4.25
1426310798232,37.497461,139.922639,5,-0.243,-0.15,9.586,4.25
1426310798332,37.497462,139.922635,4,-0.222,-0.159,9.309,4.25
1426310798433,37.497463,139.92263,4,-0.09,-0.071,9.343,4.25
1426310798534,37.497464,139.922625,4,-0.058,-0.12,9.452,4.25
1426310798634,37.497465,139.92262,4,-0.053,-0.163,9.451,4.25
1426310798735,37.497466,139.922616,4,-0.025,-0.173,9.554,4.25
1426310798831,37.497466,139.922611,4,0.012,-0.196,9.568,4.25
1426310798932,37.497467,139.922606,4,-0.054,-0.18,9.375,4.25
1426310799032,37.497468,139.922602,4,-0.197,-0.19,9.164,4.25
1426310799133,37.497469,139.922597,4,-0.196,-0.148,9.025,4.25
1426310799234,37.49747,139.922592,4,-0.047,-0.1,9.086,4.25
1426310799334,37.497471,139.922587,4,0.005,-0.093,9.208,4.236
1426310799435,37.497472,139.922583,4,-0.004,-0.187,9.74,4.21
1426310799531,37.497474,139.922578,4,0.015,-0.249,9.917,4.186
1426310799632,37.497475,139.922573,4,0.068,-0.227,9.66,4.16
1426310799732,37.497477,139.922569,4,0.073,-0.124,9.376,4.135
1426310799833,37.497478,139.922564,4,-0.001,-0.075,9.191,4.11
1426310799934,37.49748,139.92256,4,-0.089,-0.085,9.231,4.085
1426310800034,37.497481,139.922555,4,-0.158,-0.049,9.246,4.06
1426310800135,37.497483,139.92255,4,-0.151,-0.051,9.29,4.035
1426310824229,37.49775,139.921287,4,-0.272,-0.128,9.769,4.524
1426310824234,37.49775,139.921287,4,-0.281,-0.13,9.785,4.522
1426310824334,37.497752,139.921282,5,-0.235,-0.395,9.649,4.471
1426310824431,37.497754,139.921278,5,-0.093,-0.527,8.958,4.421
1426310824532,37.497755,139.921273,5,-0.014,-0.632,8.818,4.368
1426310824632,37.497757,139.921269,5,-0.011,-0.764,9.323,4.317
1426310824733,37.497758,139.921264,5,0.007,-0.893,9.777,4.266
1426310824834,37.49776,139.921259,5,0.087,-0.983,9.815,4.216
1426310824934,37.497762,139.921255,5,0.224,-0.944,9.487,4.166
1426310825035,37.497763,139.921251,5,0.348,-0.87,9.079,4.117
1426310825131,37.497765,139.921246,5,0.367,-0.838,9.103,4.071
1426310825231,37.497766,139.921242,5,0.345,-0.866,9.412,4.023
1426310825332,37.497768,139.921239,5,0.3,-0.967,9.725,3.905
1426310825433,37.497768,139.921237,5,0.266,-0.96,9.727,3.726
1426310825534,37.497769,139.921236,5,0.286,-0.892,9.434,3.553
1426310825634,37.49777,139.921234,5,0.279,-0.822,9.214,3.39
1426310825735,37.497771,139.921233,5,0.212,-0.784,9.242,3.232
1426310825831,37.497772,139.921231,5,0.103,-0.792,9.431,3.088
1426310825931,37.497773,139.92123,5,0.092,-0.763,9.489,2.945
1426310826032,37.497773,139.921229,5,0.198,-0.699,9.361,2.807
1426310826133,37.497774,139.921228,5,0.315,-0.65,9.276,2.677
1426310826234,37.497775,139.921226,5,0.402,-0.611,9.296,2.554
1426310826334,37.497775,139.921225,4,0.411,-0.632,9.515,2.386
1426310826435,37.497775,139.921223,4,0.32,-0.711,9.594,2.183
1426310826531,37.497775,139.921221,4,0.235,-0.714,9.419,2.003
1426310826631,37.497775,139.92122,4,0.175,-0.581,9.396,1.827
1426310826732,37.497775,139.921218,4,0.179,-0.453,9.441,1.663
1426310826833,37.497775,139.921217,4,0.195,-0.35,9.344,1.512
1426310826933,37.497775,139.921215,4,0.17,-0.3,9.266,1.375
1426310827034,37.497775,139.921214,4,0.136,-0.281,9.392,1.25
1426310827135,37.497775,139.921213,4,0.118,-0.271,9.546,1.138
1426310827231,37.497775,139.921212,4,0.125,-0.27,9.506,1.044
1426310827331,37.497775,139.921212,4,0.139,-0.283,9.353,1.0
1426310827432,37.497776,139.921211,4,0.137,-0.305,9.287,1.0
1426310827533,37.497776,139.92121,4,0.106,-0.348,9.348,1.0
1426310827633,37.497776,139.92121,4,0.093,-0.388,9.532,1.0
1426310827734,37.497777,139.921209,4,0.105,-0.418,9.57,1.0
1426310827835,37.497777,139.921208,4,0.145,-0.425,9.373,1.0
1426310827936,37.497778,139.921207,4,0.182,-0.404,9.261,1.0
1426310828031,37.497778,139.921207,4,0.163,-0.373,9.349,1.0
1426310828132,37.497778,139.921206,4,0.097,-0.337,9.446,1.0
1426310828233,37.497779,139.921205,4,0.016,-0.293,9.399,1.0
1426310828333,37.497779,139.921205,4,-0.01,-0.197,9.367,0.965
1426310828434,37.497779,139.921205,4,0.028,-0.045,9.433,0.901
1426310828535,37.497779,139.921205,4,0.114,0.081,9.404,0.841
1426310828635,37.497779,139.921205,4,0.193,0.153,9.329,0.784
1426310828731,37.49778,139.921205,4,0.214,0.193,9.345,0.733
1426310828832,37.49778,139.921205,4,0.175,0.268,9.465,0.683
1426310828933,37.49778,139.921205,4,0.127,0.271,9.484,0.636
1426310829033,37.49778,139.921205,4,0.09,0.353,9.469,0.593
1426310829134,37.49778,139.921205,4,0.083,0.412,9.377,0.552
1426310878229,37.499338,139.921671,5,0.127,0.451,9.343,3.262
1426310878234,37.499338,139.921671,5,0.125,0.442,9.348,3.261
1426310878335,37.49934,139.921673,5,0.132,-0.036,9.487,3.236
1426310878431,37.499343,139.921674,5,0.067,-0.348,9.361,3.211
1426310878531,37.499345,139.921675,5,0.018,-0.51,9.139,3.185
1426310878632,37.499348,139.921677,5,0.044,-0.602,9.178,3.16
1426310878733,37.49935,139.921678,5,0.105,-0.684,9.412,3.134
1426310878833,37.499353,139.921679,5,0.135,-0.785,9.56,3.109
1426310878934,37.499355,139.921681,5,0.15,-0.794,9.533,3.084
1426310879035,37.499357,139.921682,5,0.106,-0.761,9.354,3.059
1426310879135,37.49936,139.921683,5,0.089,-0.727,9.296,3.035
1426310879231,37.499362,139.921684,5,0.082,-0.768,9.383,3.012
1426310879332,37.499364,139.921686,4,0.12,-0.782,9.358,2.986
1426310879433,37.499367,139.921687,4,0.18,-0.795,9.289,2.96
1426310879533,37.499369,139.921688,4,0.222,-0.808,9.405,2.935
1426310879634,37.499371,139.921689,4,0.281,-0.834,9.5,2.909
1426310879735,37.499374,139.92169,4,0.294,-0.839,9.4,2.884
1426310879835,37.499376,139.921691,4,0.261,-0.748,9.337,2.859
1426310879931,37.499378,139.921692,4,0.177,-0.533,9.358,2.835
1426310880032,37.49938,139.921693,4,0.082,-0.252,9.419,2.81
1426310880132,37.499383,139.921694,4,0.082,-0.036,9.351,2.786
1426310880233,37.499385,139.921695,4,0.155,0.093,9.26,2.761
1426310880334,37.499386,139.921696,5,0.244,0.161,9.28,2.614
1426310880435,37.499386,139.921697,5,0.241,0.176,9.419,2.372
1426310880535,37.499387,139.921697,5,0.15,0.127,9.479,2.149
1426310880631,37.499387,139.921697,5,0.087,0.11,9.478,1.95
1426310880737,37.499387,139.921698,5,0.067,0.136,9.349,1.748
1426310880832,37.499387,139.921698,5,0.06,0.169,9.326,1.582
1426310880931,37.499388,139.921698,5,0.087,0.197,9.433,1.425
1426310881034,37.499388,139.921699,5,0.107,0.193,9.492,1.279
1426310881133,37.499388,139.921699,5,0.136,0.22,9.483,1.155
1426310926227,37.500014,139.919648,4,0.115,0.306,9.459,3.775
1426310926232,37.500014,139.919648,4,0.121,0.311,9.47,3.773
1426310926332,37.500016,139.919644,5,0.26,-0.468,9.763,3.673
1426310926433,37.500019,139.919641,5,0.329,-0.96,9.267,3.526
1426310926534,37.500021,139.919638,5,0.238,-1.157,8.609,3.385
1426310926634,37.500024,139.919636,5,0.257,-1.352,8.956,3.25
1426310926731,37.500026,139.919633,5,0.372,-1.475,9.702,3.124
1426310926831,37.500028,139.91963,5,0.47,-1.45,9.999,2.999
1426310926932,37.50003,139.919628,5,0.423,-1.339,9.748,2.878
1426310927032,37.500032,139.919625,5,0.26,-1.167,9.42,2.763
1426310927133,37.500034,139.919623,5,0.132,-0.97,9.256,2.652
1426310927234,37.500036,139.919621,5,0.145,-0.843,9.284,2.547
1426310927334,37.500036,139.919619,5,0.238,-0.79,9.396,2.411
1426310927435,37.500035,139.919617,5,0.326,-0.75,9.457,2.252
1426310927531,37.500034,139.919615,5,0.322,-0.687,9.46,2.108
1426310927631,37.500034,139.919613,5,0.231,-0.661,9.442,1.966
1426310927732,37.500033,139.919611,5,0.179,-0.616,9.372,1.832
1426310927833,37.500032,139.919609,5,0.151,-0.552,9.224,1.706
1426310927934,37.500031,139.919608,5,0.158,-0.486,9.191,1.588
1426310928034,37.50003,139.919606,5,0.147,-0.541,9.312,1.48
1426310928135,37.50003,139.919605,5,0.155,-0.662,9.577,1.38
1426310928231,37.500029,139.919604,5,0.194,-0.759,9.729,1.292
1426310928331,37.500029,139.919602,5,0.259,-0.777,9.633,1.25
1426310928432,37.500029,139.919601,5,0.223,-0.537,9.562,1.25
1426310928533,37.500029,139.9196,5,0.193,-0.288,9.415,1.25
1426310928633,37.500029,139.919598,5,0.187,-0.14,9.169,1.25
1426310928734,37.500029,139.919597,5,0.186,-0.037,9.047,1.25
1426310928835,37.500028,139.919596,5,0.17,0.034,9.195,1.25
1426310928931,37.500028,139.919595,5,0.133,0.09,9.418,1.25
1426310929031,37.500028,139.919593,5,0.094,0.166,9.541,1.25
1426310929132,37.500028,139.919592,5,0.077,0.247,9.515,1.25
1426310948226,37.500526,139.919628,4,0.087,0.425,9.579,3.513
1426310948231,37.500526,139.919628,4,0.092,0.427,9.581,3.512
1426310948332,37.500529,139.919628,4,0.118,0.247,9.38,3.5
1426310948433,37.500532,139.919629,4,0.086,0.089,9.234,3.5
1426310948533,37.500535,139.91963,4,0.025,0.026,9.261,3.5
1426310948634,37.500538,139.91963,4,0.019,-0.026,9.268,3.5
1426310948735,37.500542,139.919631,4,0.06,-0.068,9.383,3.5
1426310948835,37.500545,139.919632,4,0.12,-0.114,9.57,3.5
1426310948931,37.500548,139.919633,4,0.208,-0.094,9.587,3.5
1426310949032,37.500551,139.919633,4,0.274,-0.011,9.34,3.5
1426310949133,37.500554,139.919634,4,0.265,0.03,9.341,3.5
1426310954228,37.500679,139.919711,5,0.26,0.03,9.527,2.25
1426310954233,37.500679,139.919711,5,0.255,0.026,9.532,2.25
1426310954334,37.500681,139.919713,7,0.181,-0.23,9.549,2.25
1426310954435,37.500683,139.919714,7,0.165,-0.397,9.559,2.25
1426310954536,37.500685,139.919715,7,0.165,-0.491,9.569,2.25
1426310954631,37.500687,139.919716,7,0.209,-0.44,9.566,2.25
1426310954732,37.500689,139.919717,7,0.187,-0.22,9.519,2.25
1426310954833,37.500691,139.919719,7,0.08,-0.053,9.339,2.25
1426310954933,37.500693,139.91972,7,0.015,0.036,9.205,2.25
1426310955034,37.500695,139.919721,7,0.058,0.099,9.228,2.25
1426310955135,37.500697,139.919722,7,0.167,0.069,9.559,2.25
1426310992226,37.500466,139.921123,6,0.159,0.131,9.819,3.047
1426310992231,37.500466,139.921123,6,0.153,0.138,9.82,3.042
1426310992331,37.500466,139.921125,6,0.117,-0.045,9.522,2.939
1426310992432,37.500465,139.921126,6,0.115,-0.19,9.531,2.822
1426310992533,37.500465,139.921128,6,0.121,-0.256,9.732,2.709
1426310992633,37.500464,139.921129,6,0.147,-0.194,9.617,2.601
1426310992734,37.500464,139.921131,6,0.14,-0.107,9.274,2.496
1426310992835,37.500464,139.921132,6,0.145,-0.02,9.125,2.396
1426310992936,37.500463,139.921133,6,0.156,-0.064,9.263,2.299
1426310993031,37.500463,139.921134,6,0.229,-0.109,9.569,2.212
1426310993132,37.500462,139.921135,6,0.296,-0.133,9.697,2.123
1426310993233,37.500462,139.921137,6,0.278,-0.023,9.548,2.038
1426310993333,37.500462,139.921138,6,0.197,0.062,9.361,2.0
1426310993434,37.500461,139.921141,6,0.141,0.063,9.302,2.0
1426310993535,37.500461,139.921143,6,0.104,0.051,9.3,2.0
1426310993635,37.50046,139.921145,6,0.083,-0.029,9.435,2.0
1426310993731,37.50046,139.921147,6,0.111,-0.109,9.555,2.0
1426310993832,37.500459,139.92115,6,0.187,-0.141,9.429,2.0
1426310993933,37.500459,139.921152,6,0.236,-0.142,9.324,2.0
1426310994033,37.500458,139.921154,6,0.251,-0.152,9.373,2.0
1426310994134,37.500458,139.921157,6,0.222,-0.229,9.477,2.0
1426310994235,37.500457,139.921159,6,0.217,-0.243,9.545,2.0
1426310994335,37.500457,139.921159,7,0.126,-0.249,9.455,1.969
1426310994431,37.500457,139.921159,7,0.063,-0.169,9.306,1.915
1426310994537,37.500456,139.921158,7,-0.005,-0.143,9.233,1.858
1426310994632,37.500456,139.921157,7,-0.003,-0.163,9.37,1.808
1426310994732,37.500456,139.921156,7,0.052,-0.22,9.512,1.756
1426310994834,37.500456,139.921155,7,0.165,-0.209,9.452,1.705
1426310994933,37.500456,139.921155,7,0.237,-0.181,9.327,1.657
1426310995035,37.500455,139.921154,7,0.253,-0.165,9.305,1.609
1426310995131,37.500455,139.921153,7,0.202,-0.176,9.349,1.565
1426310995232,37.500455,139.921152,7,0.114,-0.192,9.433,1.521
1426310995332,37.500456,139.921151,7,0.053,-0.179,9.412,1.348
1426310995433,37.500456,139.921148,7,0.031,-0.185,9.332,1.076
1426310995534,37.500457,139.921146,7,0.062,-0.188,9.317,0.835
1426310995635,37.500458,139.921144,7,0.099,-0.215,9.41,0.624
1426310995735,37.500459,139.921143,7,0.143,-0.222,9.499,0.446
1426310995831,37.500459,139.921142,7,0.155,-0.221,9.494,0.302
1426310995932,37.500459,139.921141,7,0.163,-0.178,9.428,0.182
1426310996032,37.50046,139.92114,7,0.127,-0.137,9.395,0.092
1426310996133,37.50046,139.921139,7,0.121,-0.059,9.433,0.032
1426311054226,37.499846,139.923337,5,0.083,0.043,9.47,4.276
1426311054231,37.499846,139.923337,5,0.083,0.043,9.463,4.273
1426311054332,37.499844,139.923341,5,0.174,-0.204,9.371,4.174
1426311054433,37.499843,139.923344,5,0.239,-0.4,9.308,4.031
1426311054534,37.499842,139.923347,5,0.247,-0.541,9.478,3.892
1426311054634,37.499841,139.92335,5,0.256,-0.608,9.628,3.758
1426311054735,37.49984,139.923353,5,0.237,-0.594,9.489,3.628
1426311054831,37.499839,139.923356,5,0.188,-0.501,9.009,3.508
1426311054931,37.499838,139.923359,5,0.143,-0.486,9.004,3.387
1426311055032,37.499837,139.923362,5,0.141,-0.582,9.454,3.27
1426311055133,37.499836,139.923364,5,0.246,-0.596,9.701,3.157
1426311055233,37.499835,139.923367,5,0.397,-0.532,9.56,3.049
1426311055334,37.499835,139.923369,5,0.524,-0.433,9.417,2.893
1426311055435,37.499836,139.92337,5,0.532,-0.344,9.378,2.702
1426311055531,37.499837,139.923372,5,0.443,-0.314,9.301,2.53
1426311055631,37.499837,139.923373,5,0.351,-0.299,9.386,2.36
1426311055732,37.499838,139.923374,5,0.275,-0.292,9.423,2.198
1426311055833,37.499838,139.923376,5,0.254,-0.272,9.425,2.047
1426311055933,37.499839,139.923377,5,0.263,-0.271,9.417,1.907
1426311056034,37.499839,139.923378,5,0.31,-0.256,9.353,1.776
1426311056135,37.499839,139.923379,5,0.326,-0.254,9.332,1.656
1426311056231,37.49984,139.92338,5,0.327,-0.266,9.36,1.55
1426311056331,37.49984,139.923381,5,0.335,-0.231,9.435,1.512
1426311056432,37.49984,139.923382,5,0.387,-0.218,9.542,1.536
1426311056533,37.499839,139.923384,5,0.429,-0.193,9.583,1.56
1426311056633,37.499839,139.923385,5,0.388,-0.186,9.308,1.584
1426311056734,37.499839,139.923387,5,0.361,-0.188,9.141,1.609
1426311056835,37.499838,139.923389,5,0.358,-0.242,9.34,1.634
1426311056935,37.499838,139.92339,5,0.369,-0.296,9.605,1.659
1426311057031,37.499838,139.923392,5,0.377,-0.28,9.603,1.684
1426311057132,37.499837,139.923393,5,0.369,-0.254,9.393,1.711
1426311057233,37.499837,139.923395,5,0.37,-0.203,9.275,1.737
1426311057333,37.499836,139.923397,6,0.368,-0.223,9.364,1.75
1426311057434,37.499835,139.923398,6,0.341,-0.258,9.502,1.75
1426311057535,37.499834,139.9234,6,0.28,-0.286,9.512,1.75
1426311057635,37.499833,139.923402,6,0.268,-0.267,9.416,1.75
1426311057731,37.499832,139.923403,6,0.278,-0.239,9.299,1.75
1426311057832,37.49983,139.923405,6,0.332,-0.229,9.379,1.75
1426311057932,37.499829,139.923406,6,0.382,-0.251,9.516,1.75
1426311058033,37.499828,139.923408,6,0.388,-0.228,9.447,1.75
1426311058134,37.499827,139.92341,6,0.349,-0.21,9.344,1.75
1426311058235,37.499826,139.923411,6,0.304,-0.222,9.373,1.75
1426311058335,37.499826,139.923411,8,0.275,-0.25,9.452,1.609
1426311058431,37.499827,139.92341,8,0.262,-0.27,9.473,1.379
1426311058532,37.499828,139.923408,8,0.267,-0.264,9.475,1.16
1426311058632,37.499829,139.923407,8,0.281,-0.26,9.402,0.965
1426311058733,37.49983,139.923406,8,0.307,-0.235,9.306,0.792
1426311058834,37.499831,139.923405,8,0.317,-0.207,9.321,0.641
1426311058934,37.499832,139.923404,8,0.32,-0.185,9.385,0.514
1426311059035,37.499832,139.923403,8,0.294,-0.209,9.4,0.409
1426311059131,37.499833,139.923403,8,0.299,-0.201,9.463,0.331
1426311059232,37.499833,139.923402,8,0.302,-0.157,9.506,0.271
1426311059332,37.499833,139.923402,8,0.285,-0.12,9.429,0.25
1426311059433,37.499833,139.923403,8,0.272,-0.067,9.357,0.25
1426311059534,37.499833,139.923403,8,0.256,-0.039,9.361,0.25
1426311059634,37.499833,139.923403,8,0.247,-0.016,9.428,0.25
1426311059735,37.499833,139.923404,8,0.265,0.006,9.453,0.25
1426311059831,37.499834,139.923404,8,0.296,0.03,9.417,0.25
1426311059932,37.499834,139.923405,8,0.306,0.032,9.378,0.25
1426311060032,37.499834,139.923405,8,0.304,0.039,9.376,0.25
1426311060133,37.499834,139.923405,8,0.281,0.03,9.407,0.25
1426311095230,37.499623,139.92413,4,0.255,0.037,9.44,1.512
1426311172226,37.499369,139.925028,4,0.259,0.04,9.442,4.0
1426311172231,37.499369,139.925028,4,0.265,0.038,9.444,4.0
1426311172332,37.499367,139.925032,6,0.307,-0.529,9.598,4.0
1426311172432,37.499366,139.925037,6,0.343,-0.92,9.661,4.0
1426311172533,37.499365,139.925041,6,0.357,-1.072,9.65,4.0
1426311172634,37.499364,139.925046,6,0.375,-1.121,9.527,4.0
1426311172735,37.499363,139.92505,6,0.377,-1.162,9.307,4.0
1426311172835,37.499362,139.925055,6,0.362,-1.162,9.259,4.0
1426311172931,37.499361,139.925059,6,0.375,-1.226,9.438,4.0
1426311173032,37.49936,139.925064,6,0.38,-1.307,9.591,4.0
1426311173132,37.499359,139.925068,6,0.38,-1.323,9.493,4.0
1426311173233,37.499358,139.925073,6,0.347,-1.375,9.363,4.0
1426311173334,37.499356,139.925077,7,0.357,-1.264,9.399,4.0
1426311173434,37.499355,139.925081,7,0.305,-1.105,9.533,4.0
1426311173535,37.499354,139.925085,7,0.302,-0.905,9.537,4.0
1426311173631,37.499353,139.925089,7,0.31,-0.74,9.412,4.0
1426311173731,37.499352,139.925093,7,0.348,-0.585,9.272,4.0
1426311173832,37.499351,139.925097,7,0.377,-0.47,9.266,4.0
1426311173933,37.49935,139.925101,7,0.374,-0.413,9.419,4.0
1426311174034,37.499349,139.925105,7,0.343,-0.372,9.539,4.0
1426311174134,37.499348,139.925109,7,0.309,-0.272,9.514,4.0
1426311174235,37.499347,139.925113,7,0.261,-0.103,9.497,4.0
1426311174331,37.499346,139.925115,10,0.264,0.071,9.422,3.942
1426311174431,37.499344,139.925116,10,0.291,0.186,9.307,3.831
1426311174532,37.499343,139.925116,10,0.341,0.246,9.29,3.721
1426311174633,37.499341,139.925116,10,0.345,0.256,9.391,3.614
1426311174734,37.49934,139.925116,10,0.334,0.307,9.488,3.511
1426311174834,37.499338,139.925117,10,0.29,0.368,9.435,3.411
1426311174935,37.499337,139.925117,10,0.282,0.406,9.352,3.313
1426311175031,37.499335,139.925117,10,0.268,0.403,9.322,3.222
1426311175131,37.499334,139.925118,10,0.283,0.399,9.404,3.131
1426311310226,37.502487,139.926545,8,0.262,0.338,9.448,6.3
1426311310231,37.502487,139.926545,8,0.256,0.334,9.45,6.296
1426311310332,37.502492,139.926547,7,0.084,-0.146,9.402,6.223
1426311310433,37.502497,139.926549,7,0.036,-0.531,9.517,6.171
1426311310533,37.502502,139.926552,7,0.003,-0.732,9.518,6.12
1426311310634,37.502506,139.926554,7,-0.008,-0.847,9.414,6.068
1426311310735,37.502511,139.926556,7,-0.016,-0.876,9.462,6.017
1426311310835,37.502516,139.926558,7,0.062,-0.903,9.53,5.967
1426311310931,37.502521,139.926561,7,0.079,-0.92,9.335,5.92
1426311311032,37.502525,139.926563,7,0.066,-0.946,9.602,5.87
1426311311133,37.50253,139.926565,7,-0.018,-0.913,9.566,5.821
1426311311233,37.502535,139.926567,7,-0.068,-0.955,9.367,5.773
1426311311334,37.502538,139.92657,8,0.01,-0.896,9.19,5.675
1426311311435,37.50254,139.926574,8,0.006,-0.863,9.29,5.536
1426311311535,37.502541,139.926578,8,-0.047,-0.932,9.542,5.402
1426311311631,37.502543,139.926581,8,-0.028,-0.934,9.687,5.277
1426311311732,37.502545,139.926585,8,-0.164,-0.619,9.2,5.147
1426311311832,37.502546,139.926588,8,-0.322,-0.315,8.867,5.022
1426311311933,37.502548,139.926592,8,-0.173,-0.139,9.491,4.899
1426311312034,37.502549,139.926595,8,-0.049,-0.094,9.956,4.779
1426311312135,37.502551,139.926598,8,-0.137,0.007,9.507,4.662
1426311312235,37.502552,139.926602,8,-0.107,0.015,9.477,4.55
1426311312331,37.502555,139.926604,8,-0.095,-0.004,9.482,4.473
1426311312432,37.50256,139.926606,8,-0.058,-0.255,9.165,4.42
1426311312532,37.502564,139.926607,8,0.027,-0.55,9.069,4.368
1426311312633,37.502568,139.926609,8,0.035,-0.786,9.175,4.317
1426311312734,37.502572,139.926611,8,0.031,-1.026,9.623,4.266
1426311312835,37.502576,139.926613,8,-0.09,-1.214,10.051,4.215
1426311312935,37.50258,139.926614,8,-0.133,-1.233,9.744,4.166
1426311313031,37.502584,139.926616,8,-0.029,-1.11,9.075,4.119
1426311313132,37.502588,139.926618,8,-0.064,-1.055,8.686,4.07
1426311313232,37.502592,139.926619,8,-0.149,-1.102,9.071,4.023
1426311313333,37.502596,139.926621,6,-0.077,-1.106,9.784,3.972
1426311313434,37.5026,139.926622,6,-0.012,-0.947,9.939,3.919
1426311313534,37.502604,139.926624,6,0.018,-0.747,9.731,3.867
1426311313635,37.502608,139.926626,6,0.067,-0.496,9.501,3.815
1426311313731,37.502612,139.926627,6,0.019,-0.295,9.306,3.766
1426311313831,37.502616,139.926629,6,-0.011,-0.156,9.147,3.716
1426311313932,37.502619,139.92663,6,-0.104,-0.07,8.937,3.666
1426311314033,37.502623,139.926631,6,-0.106,-0.045,9.129,3.617
1426311314134,37.502627,139.926633,6,0.001,-0.122,9.603,3.569
1426311314234,37.50263,139.926634,6,0.066,-0.162,9.912,3.522
1426311314335,37.502634,139.926635,7,0.047,-0.13,9.781,3.471
1426311314431,37.502638,139.926636,7,-0.017,-0.099,9.509,3.42
1426311314531,37.502642,139.926637,7,-0.099,-0.089,9.154,3.367
1426311314632,37.502645,139.926638,7,-0.189,-0.148,8.993,3.315
1426311314733,37.502649,139.926639,7,-0.263,-0.223,9.158,3.264
1426311314834,37.502653,139.92664,7,-0.202,-0.356,9.538,3.213
1426311314934,37.502656,139.92664,7,-0.062,-0.403,9.757,3.164
1426311315035,37.50266,139.926641,7,0.027,-0.413,9.609,3.115
1426311315131,37.502663,139.926642,7,0.085,-0.406,9.4,3.07
1426311315231,37.502666,139.926643,7,0.134,-0.408,9.292,3.023
1426311315332,37.50267,139.926643,8,0.155,-0.424,9.401,2.938
1426311315433,37.502674,139.926643,8,0.12,-0.422,9.55,2.821
1426311315534,37.502679,139.926643,8,-0.022,-0.485,9.511,2.708
1426311315634,37.502682,139.926643,8,-0.193,-0.513,9.32,2.6
1426311315735,37.502686,139.926643,8,-0.32,-0.496,9.025,2.495
1426311315831,37.50269,139.926643,8,-0.188,-0.524,9.197,2.4
1426311315931,37.502693,139.926643,8,0.077,-0.565,9.702,2.304
1426311316032,37.502696,139.926643,8,0.189,-0.6,9.833,2.211
1426311316133,37.5027,139.926643,8,0.212,-0.565,9.608,2.122
1426311316233,37.502703,139.926643,8,0.134,-0.555,9.396,2.038
1426311316334,37.502705,139.926643,8,0.006,-0.566,9.37,1.951
1426311316435,37.502707,139.926643,8,-0.076,-0.619,9.467,1.861
1426311316531,37.502709,139.926643,8,-0.094,-0.64,9.527,1.779
1426311316631,37.502711,139.926643,8,-0.099,-0.633,9.457,1.697
1426311316732,37.502713,139.926644,8,-0.056,-0.607,9.351,1.618
1426311316833,37.502715,139.926644,8,0.027,-0.605,9.306,1.542
1426311316933,37.502717,139.926644,8,0.14,-0.614,9.381,1.471
1426311317034,37.502718,139.926644,8,0.238,-0.62,9.494,1.402
1426311317135,37.50272,139.926644,8,0.236,-0.628,9.506,1.337
1426311317235,37.502721,139.926644,8,0.118,-0.643,9.414,1.276
1426311317331,37.502722,139.926644,4,-0.03,-0.66,9.332,1.218
1426311317432,37.502722,139.926643,4,-0.126,-0.651,9.328,1.158
1426311317532,37.502722,139.926643,4,-0.134,-0.619,9.382,1.1
1426311317633,37.502722,139.926642,4,-0.051,-0.553,9.408,1.045
1426311317734,37.502722,139.926642,4,0.072,-0.475,9.377,0.992
1426311317835,37.502722,139.926642,4,0.135,-0.426,9.362,0.942
1426311317935,37.502722,139.926641,4,0.123,-0.393,9.356,0.894
1426311318031,37.502722,139.926641,4,0.036,-0.396,9.373,0.851
1426311318132,37.502722,139.92664,4,-0.048,-0.376,9.407,0.808
1426311318232,37.502722,139.92664,4,-0.117,-0.378,9.397,0.768
1426311318333,37.502722,139.92664,4,-0.12,-0.34,9.379,0.673
1426311318434,37.502722,139.926641,4,-0.088,-0.314,9.393,0.537
1426311318535,37.502722,139.926642,4,-0.036,-0.26,9.478,0.416
1426311318635,37.502723,139.926642,4,-0.018,-0.179,9.5,0.312
1426311318731,37.502723,139.926643,4,-0.009,-0.093,9.495,0.226
1426311318832,37.502723,139.926643,4,-0.023,-0.017,9.455,0.151
1426311318932,37.502723,139.926644,4,-0.063,0.029,9.438,0.091
1426311319033,37.502723,139.926644,4,-0.082,0.06,9.44,0.046
1426311319134,37.502723,139.926644,4,-0.103,0.069,9.442,0.016
1426311319234,37.502723,139.926644,4,-0.089,0.087,9.454,0.002
1426311389227,37.505051,139.927867,5,-0.044,0.178,9.444,7.763
